Workbook

Sheet הגדרות
A1: ספק | B1: ההנחה שלי % | C1: מרווח % | D1: מרווח ₪ קבוע
A2: Royal Canin VET | B2: 0 | C2: 0 | D2: 0
A3: Royal Canin חנויות | B3: 0 | C3: 0 | D3: 0
A4: Hill's Prescription Diet | B4: 0 | C4: 0 | D4: 0
A5: Hill's Science Plan | B5: 0 | C5: 0 | D5: 0
A6: Hill's Vet Essentials | B6: 0 | C6: 0 | D6: 0
A7: VetLife | B7: 0 | C7: 0 | D7: 0
A8: Purina Pro Plan VET | B8: 0 | C8: 0 | D8: 0
A9: פורינה (חנויות) | B9: 0 | C9: 0 | D9: 0
A10: Monge Vet Solution | B10: 0 | C10: 0 | D10: 0
A11: Monge | B11: 0 | C11: 0 | D11: 0
A13: נוסחה: עלות = מחיר ללא מע"מ × (1 − הנחה) × 1.18 ; מחיר ללקוח = עלות × (1 + מרווח %) + מרווח ₪

Sheet מזון
A1: ספק | B1: פריט | C1: קטגוריה | D1: מק"ט | E1: תאריך מחירון | F1: מחיר ללא מע"מ | G1: מחיר כולל מע"מ | H1: הנחה % | I1: עלות אחרי הנחה (כולל מע"מ) | J1: מרווח % | K1: מרווח ₪ | L1: מחיר ללקוח
A2: Royal Canin VET | B2: ריקברי נוזלי 0.2X3 ליטר | C2: מזון נוזלי, תחליפי חלב לגורים ותוספים | D2: 2491020060 | E2: 2026-06 | F2: 89 | G2: 105.02 | H2: =הגדרות!B2 | I2: =F2*(1-H2/100)*1.18 | J2: =הגדרות!C2 | K2: =הגדרות!D2 | L2: =I2*(1+J2/100)+K2
A3: Royal Canin VET | B3: גסטרואינטסטינל דל שומן נוזל 0.2X3 ליטר | C3: מזון נוזלי, תחליפי חלב לגורים ותוספים | D3: 2491220060 | E3: 2026-06 | F3: 89 | G3: 105.02 | H3: =הגדרות!B2 | I3: =F3*(1-H3/100)*1.18 | J3: =הגדרות!C2 | K3: =הגדרות!D2 | L3: =I3*(1+J3/100)+K3
A4: Royal Canin VET | B4: גסטרואינטסטינל היי אנרגי נוזל 0.2X3 ליטר | C4: מזון נוזלי, תחליפי חלב לגורים ותוספים | D4: 2491320060 | E4: 2026-06 | F4: 89 | G4: 105.02 | H4: =הגדרות!B2 | I4: =F4*(1-H4/100)*1.18 | J4: =הגדרות!C2 | K4: =הגדרות!D2 | L4: =I4*(1+J4/100)+K4
A5: Royal Canin VET | B5: VD רינאל נוזלי חתול 0.2X3 ליטר | C5: מזון נוזלי, תחליפי חלב לגורים ותוספים | D5: 2495120060 | E5: 2026-06 | F5: 89 | G5: 105.02 | H5: =הגדרות!B2 | I5: =F5*(1-H5/100)*1.18 | J5: =הגדרות!C2 | K5: =הגדרות!D2 | L5: =I5*(1+J5/100)+K5
A6: Royal Canin VET | B6: אבקת תחליף חלב לגורי כלב 400 גרם | C6: מזון נוזלי, תחליפי חלב לגורים ותוספים | D6: 2230010040 | E6: 2026-06 | F6: 115 | G6: 135.7 | H6: =הגדרות!B2 | I6: =F6*(1-H6/100)*1.18 | J6: =הגדרות!C2 | K6: =הגדרות!D2 | L6: =I6*(1+J6/100)+K6
A7: Royal Canin VET | B7: ארלי רינאל חתול 3.5 ק"ג | C7: VETERINARY HEALTH NUTRITION CAT - DRY | D7: 2124210350 | E7: 2026-06 | F7: 179 | G7: 211.22 | H7: =הגדרות!B2 | I7: =F7*(1-H7/100)*1.18 | J7: =הגדרות!C2 | K7: =הגדרות!D2 | L7: =I7*(1+J7/100)+K7
A8: Royal Canin VET | B8: רינאל חתול 2 ק"ג | C8: VETERINARY HEALTH NUTRITION CAT - DRY | D8: 2390010200 | E8: 2026-06 | F8: 139 | G8: 164.02 | H8: =הגדרות!B2 | I8: =F8*(1-H8/100)*1.18 | J8: =הגדרות!C2 | K8: =הגדרות!D2 | L8: =I8*(1+J8/100)+K8
A9: Royal Canin VET | B9: רינאל חתול 4 ק"ג | C9: VETERINARY HEALTH NUTRITION CAT - DRY | D9: 2390010400 | E9: 2026-06 | F9: 196 | G9: 231.28 | H9: =הגדרות!B2 | I9: =F9*(1-H9/100)*1.18 | J9: =הגדרות!C2 | K9: =הגדרות!D2 | L9: =I9*(1+J9/100)+K9
A10: Royal Canin VET | B10: רינאל ספיישל חתול 2 ק"ג | C10: VETERINARY HEALTH NUTRITION CAT - DRY | D10: 2394910200 | E10: 2026-06 | F10: 139 | G10: 164.02 | H10: =הגדרות!B2 | I10: =F10*(1-H10/100)*1.18 | J10: =הגדרות!C2 | K10: =הגדרות!D2 | L10: =I10*(1+J10/100)+K10
A11: Royal Canin VET | B11: רינאל ספיישל חתול 4 ק"ג | C11: VETERINARY HEALTH NUTRITION CAT - DRY | D11: 2394910400 | E11: 2026-06 | F11: 196 | G11: 231.28 | H11: =הגדרות!B2 | I11: =F11*(1-H11/100)*1.18 | J11: =הגדרות!C2 | K11: =הגדרות!D2 | L11: =I11*(1+J11/100)+K11
A12: Royal Canin VET | B12: רינאל סלקט חתול 2 ק"ג | C12: VETERINARY HEALTH NUTRITION CAT - DRY | D12: 2416010200 | E12: 2026-06 | F12: 139 | G12: 164.02 | H12: =הגדרות!B2 | I12: =F12*(1-H12/100)*1.18 | J12: =הגדרות!C2 | K12: =הגדרות!D2 | L12: =I12*(1+J12/100)+K12
A13: Royal Canin VET | B13: רינאל סלקט חתול 4 ק"ג | C13: VETERINARY HEALTH NUTRITION CAT - DRY | D13: 2416010400 | E13: 2026-06 | F13: 196 | G13: 231.28 | H13: =הגדרות!B2 | I13: =F13*(1-H13/100)*1.18 | J13: =הגדרות!C2 | K13: =הגדרות!D2 | L13: =I13*(1+J13/100)+K13
A14: Royal Canin VET | B14: מוביליטי חתול 2 ק"ג | C14: VETERINARY HEALTH NUTRITION CAT - DRY | D14: 2394610200 | E14: 2026-06 | F14: 139 | G14: 164.02 | H14: =הגדרות!B2 | I14: =F14*(1-H14/100)*1.18 | J14: =הגדרות!C2 | K14: =הגדרות!D2 | L14: =I14*(1+J14/100)+K14
A15: Royal Canin VET | B15: סטיאטי חתול 3.5 ק"ג | C15: VETERINARY HEALTH NUTRITION CAT - DRY | D15: 2394310350 | E15: 2026-06 | F15: 179 | G15: 211.22 | H15: =הגדרות!B2 | I15: =F15*(1-H15/100)*1.18 | J15: =הגדרות!C2 | K15: =הגדרות!D2 | L15: =I15*(1+J15/100)+K15
A16: Royal Canin VET | B16: סטיאטי חתול 6 ק"ג | C16: VETERINARY HEALTH NUTRITION CAT - DRY | D16: 2394310600 | E16: 2026-06 | F16: 288 | G16: 339.84 | H16: =הגדרות!B2 | I16: =F16*(1-H16/100)*1.18 | J16: =הגדרות!C2 | K16: =הגדרות!D2 | L16: =I16*(1+J16/100)+K16
A17: Royal Canin VET | B17: דיאבטיק חתול 3.5 ק"ג | C17: VETERINARY HEALTH NUTRITION CAT - DRY | D17: 2390610350 | E17: 2026-06 | F17: 179 | G17: 211.22 | H17: =הגדרות!B2 | I17: =F17*(1-H17/100)*1.18 | J17: =הגדרות!C2 | K17: =הגדרות!D2 | L17: =I17*(1+J17/100)+K17
A18: Royal Canin VET | B18: ניוטרד סטאיטי באלאנס חתול 3.5 ק"ג | C18: VETERINARY HEALTH NUTRITION CAT - DRY | D18: 2272110350 | E18: 2026-06 | F18: 159 | G18: 187.62 | H18: =הגדרות!B2 | I18: =F18*(1-H18/100)*1.18 | J18: =הגדרות!C2 | K18: =הגדרות!D2 | L18: =I18*(1+J18/100)+K18
A19: Royal Canin VET | B19: גסטרואינטסטינל קיטן חתול 2 ק"ג | C19: VETERINARY HEALTH NUTRITION CAT - DRY | D19: 2122810200 | E19: 2026-06 | F19: 143 | G19: 168.74 | H19: =הגדרות!B2 | I19: =F19*(1-H19/100)*1.18 | J19: =הגדרות!C2 | K19: =הגדרות!D2 | L19: =I19*(1+J19/100)+K19
A20: Royal Canin VET | B20: גסטרואינטסטינל חתול 2 ק"ג | C20: VETERINARY HEALTH NUTRITION CAT - DRY | D20: 2390510200 | E20: 2026-06 | F20: 139 | G20: 164.02 | H20: =הגדרות!B2 | I20: =F20*(1-H20/100)*1.18 | J20: =הגדרות!C2 | K20: =הגדרות!D2 | L20: =I20*(1+J20/100)+K20
A21: Royal Canin VET | B21: גסטרואינטסטינל חתול 4 ק"ג | C21: VETERINARY HEALTH NUTRITION CAT - DRY | D21: 2390510400 | E21: 2026-06 | F21: 215 | G21: 253.7 | H21: =הגדרות!B2 | I21: =F21*(1-H21/100)*1.18 | J21: =הגדרות!C2 | K21: =הגדרות!D2 | L21: =I21*(1+J21/100)+K21
A22: Royal Canin VET | B22: גסטרואינטסטינל מופחת קלוריות חתול 2 ק"ג | C22: VETERINARY HEALTH NUTRITION CAT - DRY | D22: 2400810200 | E22: 2026-06 | F22: 139 | G22: 164.02 | H22: =הגדרות!B2 | I22: =F22*(1-H22/100)*1.18 | J22: =הגדרות!C2 | K22: =הגדרות!D2 | L22: =I22*(1+J22/100)+K22
A23: Royal Canin VET | B23: גסטרואינטסטינל היירבול 4 ק"ג | C23: VETERINARY HEALTH NUTRITION CAT - DRY | D23: 2272210400 | E23: 2026-06 | F23: 223 | G23: 263.14 | H23: =הגדרות!B2 | I23: =F23*(1-H23/100)*1.18 | J23: =הגדרות!C2 | K23: =הגדרות!D2 | L23: =I23*(1+J23/100)+K23
A24: Royal Canin VET | B24: גסטרואינטסטינל פייבר ריספונס חתול 2 ק"ג | C24: VETERINARY HEALTH NUTRITION CAT - DRY | D24: 2400710200 | E24: 2026-06 | F24: 139 | G24: 164.02 | H24: =הגדרות!B2 | I24: =F24*(1-H24/100)*1.18 | J24: =הגדרות!C2 | K24: =הגדרות!D2 | L24: =I24*(1+J24/100)+K24
A25: Royal Canin VET | B25: סנסטיביטי קונטרול חתול 3.5 ק"ג | C25: VETERINARY HEALTH NUTRITION CAT - DRY | D25: 2390910350 | E25: 2026-06 | F25: 179 | G25: 211.22 | H25: =הגדרות!B2 | I25: =F25*(1-H25/100)*1.18 | J25: =הגדרות!C2 | K25: =הגדרות!D2 | L25: =I25*(1+J25/100)+K25
A26: Royal Canin VET | B26: אנאלרג'ניק חתול 2 ק"ג | C26: VETERINARY HEALTH NUTRITION CAT - DRY | D26: 2195010200 | E26: 2026-06 | F26: 145 | G26: 171.1 | H26: =הגדרות!B2 | I26: =F26*(1-H26/100)*1.18 | J26: =הגדרות!C2 | K26: =הגדרות!D2 | L26: =I26*(1+J26/100)+K26
A27: Royal Canin VET | B27: היפואלרגני חתול 2.5 ק"ג | C27: VETERINARY HEALTH NUTRITION CAT - DRY | D27: 2390210250 | E27: 2026-06 | F27: 153 | G27: 180.54 | H27: =הגדרות!B2 | I27: =F27*(1-H27/100)*1.18 | J27: =הגדרות!C2 | K27: =הגדרות!D2 | L27: =I27*(1+J27/100)+K27
A28: Royal Canin VET | B28: היפואלרגני חתול 4.5 ק"ג | C28: VETERINARY HEALTH NUTRITION CAT - DRY | D28: 2390210450 | E28: 2026-06 | F28: 264 | G28: 311.52 | H28: =הגדרות!B2 | I28: =F28*(1-H28/100)*1.18 | J28: =הגדרות!C2 | K28: =הגדרות!D2 | L28: =I28*(1+J28/100)+K28
A29: Royal Canin VET | B29: סקין&קואט חתול 3.5 ק"ג | C29: VETERINARY HEALTH NUTRITION CAT - DRY | D29: 2132310350 | E29: 2026-06 | F29: 159 | G29: 187.62 | H29: =הגדרות!B2 | I29: =F29*(1-H29/100)*1.18 | J29: =הגדרות!C2 | K29: =הגדרות!D2 | L29: =I29*(1+J29/100)+K29
A30: Royal Canin VET | B30: הפטיק חתול 4 ק"ג | C30: VETERINARY HEALTH NUTRITION CAT - DRY | D30: 2401210400 | E30: 2026-06 | F30: 215 | G30: 253.7 | H30: =הגדרות!B2 | I30: =F30*(1-H30/100)*1.18 | J30: =הגדרות!C2 | K30: =הגדרות!D2 | L30: =I30*(1+J30/100)+K30
A31: Royal Canin VET | B31: יורינרי S/O חתול 1.5 ק"ג | C31: VETERINARY HEALTH NUTRITION CAT - DRY | D31: 2390110150 | E31: 2026-06 | F31: 109 | G31: 128.62 | H31: =הגדרות!B2 | I31: =F31*(1-H31/100)*1.18 | J31: =הגדרות!C2 | K31: =הגדרות!D2 | L31: =I31*(1+J31/100)+K31
A32: Royal Canin VET | B32: יורינרי S/O חתול 3.5 ק"ג | C32: VETERINARY HEALTH NUTRITION CAT - DRY | D32: 2390110350 | E32: 2026-06 | F32: 179 | G32: 211.22 | H32: =הגדרות!B2 | I32: =F32*(1-H32/100)*1.18 | J32: =הגדרות!C2 | K32: =הגדרות!D2 | L32: =I32*(1+J32/100)+K32
A33: Royal Canin VET | B33: יורינרי S/O חתול 7 ק"ג | C33: VETERINARY HEALTH NUTRITION CAT - DRY | D33: 2390110700 | E33: 2026-06 | F33: 299 | G33: 352.82 | H33: =הגדרות!B2 | I33: =F33*(1-H33/100)*1.18 | J33: =הגדרות!C2 | K33: =הגדרות!D2 | L33: =I33*(1+J33/100)+K33
A34: Royal Canin VET | B34: יורינרי S/O חתול 9 ק"ג | C34: VETERINARY HEALTH NUTRITION CAT - DRY | D34: 2390110900 | E34: 2026-06 | F34: 352 | G34: 415.36 | H34: =הגדרות!B2 | I34: =F34*(1-H34/100)*1.18 | J34: =הגדרות!C2 | K34: =הגדרות!D2 | L34: =I34*(1+J34/100)+K34
A35: Royal Canin VET | B35: יורינרי מופ' קל' חתול 3.5 ק"ג | C35: VETERINARY HEALTH NUTRITION CAT - DRY | D35: 2395410350 | E35: 2026-06 | F35: 179 | G35: 211.22 | H35: =הגדרות!B2 | I35: =F35*(1-H35/100)*1.18 | J35: =הגדרות!C2 | K35: =הגדרות!D2 | L35: =I35*(1+J35/100)+K35
A36: Royal Canin VET | B36: ריקברי חתול / כלב 195X12 גרם שימורים | C36: VETERINARY HEALTH NUTRITION CAT - WET | D36: 2405520019 | E36: 2026-06 | F36: 179 | G36: 211.22 | H36: =הגדרות!B2 | I36: =F36*(1-H36/100)*1.18 | J36: =הגדרות!C2 | K36: =הגדרות!D2 | L36: =I36*(1+J36/100)+K36
A37: Royal Canin VET | B37: גסטרואינטסטינל קיטן מוס רך במיוחד 195X12 גרם שימורים | C37: VETERINARY HEALTH NUTRITION CAT - WET | D37: 2122720019 | E37: 2026-06 | F37: 139 | G37: 164.02 | H37: =הגדרות!B2 | I37: =F37*(1-H37/100)*1.18 | J37: =הגדרות!C2 | K37: =הגדרות!D2 | L37: =I37*(1+J37/100)+K37
A38: Royal Canin VET | B38: גסטרואינטסטינל מופחת קלוריות לחתול 85X12 גרם פאוץ' | C38: VETERINARY HEALTH NUTRITION CAT - WET | D38: 2400920102 | E38: 2026-06 | F38: 89 | G38: 105.02 | H38: =הגדרות!B2 | I38: =F38*(1-H38/100)*1.18 | J38: =הגדרות!C2 | K38: =הגדרות!D2 | L38: =I38*(1+J38/100)+K38
A39: Royal Canin VET | B39: גסטרואינטסטינל לחתול 85X12 גרם פאוץ' | C39: VETERINARY HEALTH NUTRITION CAT - WET | D39: 2403920102 | E39: 2026-06 | F39: 89 | G39: 105.02 | H39: =הגדרות!B2 | I39: =F39*(1-H39/100)*1.18 | J39: =הגדרות!C2 | K39: =הגדרות!D2 | L39: =I39*(1+J39/100)+K39
A40: Royal Canin VET | B40: גסטרואינטסטינל פייבר רספונס 85X12 גרם פאוץ' | C40: VETERINARY HEALTH NUTRITION CAT - WET | D40: 2273320102 | E40: 2026-06 | F40: 89 | G40: 105.02 | H40: =הגדרות!B2 | I40: =F40*(1-H40/100)*1.18 | J40: =הגדרות!C2 | K40: =הגדרות!D2 | L40: =I40*(1+J40/100)+K40
A41: Royal Canin VET | B41: רינאל עוף (חתיכות ברוטב) לחתול 85X12 גרם פאוץ' | C41: VETERINARY HEALTH NUTRITION CAT - WET | D41: 2403020102 | E41: 2026-06 | F41: 89 | G41: 105.02 | H41: =הגדרות!B2 | I41: =F41*(1-H41/100)*1.18 | J41: =הגדרות!C2 | K41: =הגדרות!D2 | L41: =I41*(1+J41/100)+K41
A42: Royal Canin VET | B42: רינאל בקר (חתיכות ברוטב) לחתול 85X12 גרם פאוץ' | C42: VETERINARY HEALTH NUTRITION CAT - WET | D42: 2403120102 | E42: 2026-06 | F42: 89 | G42: 105.02 | H42: =הגדרות!B2 | I42: =F42*(1-H42/100)*1.18 | J42: =הגדרות!C2 | K42: =הגדרות!D2 | L42: =I42*(1+J42/100)+K42
A43: Royal Canin VET | B43: רינאל דגים (חתיכות ברוטב) לחתול 85X12 גרם פאוץ' | C43: VETERINARY HEALTH NUTRITION CAT - WET | D43: 2406720102 | E43: 2026-06 | F43: 89 | G43: 105.02 | H43: =הגדרות!B2 | I43: =F43*(1-H43/100)*1.18 | J43: =הגדרות!C2 | K43: =הגדרות!D2 | L43: =I43*(1+J43/100)+K43
A44: Royal Canin VET | B44: רינאל (לואף) לחתול 85X12 גרם פאוץ' | C44: VETERINARY HEALTH NUTRITION CAT - WET | D44: 2124620102 | E44: 2026-06 | F44: 89 | G44: 105.02 | H44: =הגדרות!B2 | I44: =F44*(1-H44/100)*1.18 | J44: =הגדרות!C2 | K44: =הגדרות!D2 | L44: =I44*(1+J44/100)+K44
A45: Royal Canin VET | B45: ארלי רינאל (חתיכות ברוטב) לחתול 85X12 גרם פאוץ' | C45: VETERINARY HEALTH NUTRITION CAT - WET | D45: 2124820102 | E45: 2026-06 | F45: 89 | G45: 105.02 | H45: =הגדרות!B2 | I45: =F45*(1-H45/100)*1.18 | J45: =הגדרות!C2 | K45: =הגדרות!D2 | L45: =I45*(1+J45/100)+K45
A46: Royal Canin VET | B46: סטיאטי לחתול 85X12 גרם פאוץ' | C46: VETERINARY HEALTH NUTRITION CAT - WET | D46: 2107020102 | E46: 2026-06 | F46: 89 | G46: 105.02 | H46: =הגדרות!B2 | I46: =F46*(1-H46/100)*1.18 | J46: =הגדרות!C2 | K46: =הגדרות!D2 | L46: =I46*(1+J46/100)+K46
A47: Royal Canin VET | B47: סנסיטיביטי קונטרול חתול 85X12 גרם פאוץ' | C47: VETERINARY HEALTH NUTRITION CAT - WET | D47: 2403520102 | E47: 2026-06 | F47: 89 | G47: 105.02 | H47: =הגדרות!B2 | I47: =F47*(1-H47/100)*1.18 | J47: =הגדרות!C2 | K47: =הגדרות!D2 | L47: =I47*(1+J47/100)+K47
A48: Royal Canin VET | B48: דיאבטיק לחתול 85X12 גרם פאוץ' | C48: VETERINARY HEALTH NUTRITION CAT - WET | D48: 2408520102 | E48: 2026-06 | F48: 89 | G48: 105.02 | H48: =הגדרות!B2 | I48: =F48*(1-H48/100)*1.18 | J48: =הגדרות!C2 | K48: =הגדרות!D2 | L48: =I48*(1+J48/100)+K48
A49: Royal Canin VET | B49: יורינרי עוף (לואף) לחתול 85X12 גרם פאוץ' | C49: VETERINARY HEALTH NUTRITION CAT - WET | D49: 2403220102 | E49: 2026-06 | F49: 89 | G49: 105.02 | H49: =הגדרות!B2 | I49: =F49*(1-H49/100)*1.18 | J49: =הגדרות!C2 | K49: =הגדרות!D2 | L49: =I49*(1+J49/100)+K49
A50: Royal Canin VET | B50: רינאל כלב גזע קטן 3.5 ק"ג | C50: VETERINARY HEALTH NUTRITION DOG - DRY | D50: 2124910350 | E50: 2026-06 | F50: 174 | G50: 205.32 | H50: =הגדרות!B2 | I50: =F50*(1-H50/100)*1.18 | J50: =הגדרות!C2 | K50: =הגדרות!D2 | L50: =I50*(1+J50/100)+K50
A51: Royal Canin VET | B51: ארלי רינאל כלב 7 ק"ג | C51: VETERINARY HEALTH NUTRITION DOG - DRY | D51: 2124810700 | E51: 2026-06 | F51: 269 | G51: 317.42 | H51: =הגדרות!B2 | I51: =F51*(1-H51/100)*1.18 | J51: =הגדרות!C2 | K51: =הגדרות!D2 | L51: =I51*(1+J51/100)+K51
A52: Royal Canin VET | B52: רינאל כלב 2 ק"ג | C52: VETERINARY HEALTH NUTRITION DOG - DRY | D52: 2391610200 | E52: 2026-06 | F52: 115 | G52: 135.7 | H52: =הגדרות!B2 | I52: =F52*(1-H52/100)*1.18 | J52: =הגדרות!C2 | K52: =הגדרות!D2 | L52: =I52*(1+J52/100)+K52
A53: Royal Canin VET | B53: רינאל כלב 7 ק"ג | C53: VETERINARY HEALTH NUTRITION DOG - DRY | D53: 2391610700 | E53: 2026-06 | F53: 321 | G53: 378.78 | H53: =הגדרות!B2 | I53: =F53*(1-H53/100)*1.18 | J53: =הגדרות!C2 | K53: =הגדרות!D2 | L53: =I53*(1+J53/100)+K53
A54: Royal Canin VET | B54: רינאל כלב 14 ק"ג | C54: VETERINARY HEALTH NUTRITION DOG - DRY | D54: 2391611400 | E54: 2026-06 | F54: 515 | G54: 607.7 | H54: =הגדרות!B2 | I54: =F54*(1-H54/100)*1.18 | J54: =הגדרות!C2 | K54: =הגדרות!D2 | L54: =I54*(1+J54/100)+K54
A55: Royal Canin VET | B55: רינאל ספיישל כלב 2 ק"ג | C55: VETERINARY HEALTH NUTRITION DOG - DRY | D55: 2416110200 | E55: 2026-06 | F55: 115 | G55: 135.7 | H55: =הגדרות!B2 | I55: =F55*(1-H55/100)*1.18 | J55: =הגדרות!C2 | K55: =הגדרות!D2 | L55: =I55*(1+J55/100)+K55
A56: Royal Canin VET | B56: רינאל סלקט כלב 2 ק"ג | C56: VETERINARY HEALTH NUTRITION DOG - DRY | D56: 2416210200 | E56: 2026-06 | F56: 115 | G56: 135.7 | H56: =הגדרות!B2 | I56: =F56*(1-H56/100)*1.18 | J56: =הגדרות!C2 | K56: =הגדרות!D2 | L56: =I56*(1+J56/100)+K56
A57: Royal Canin VET | B57: רינאל סלקט כלב 10 ק"ג | C57: VETERINARY HEALTH NUTRITION DOG - DRY | D57: 2416211000 | E57: 2026-06 | F57: 399 | G57: 470.82 | H57: =הגדרות!B2 | I57: =F57*(1-H57/100)*1.18 | J57: =הגדרות!C2 | K57: =הגדרות!D2 | L57: =I57*(1+J57/100)+K57
A58: Royal Canin VET | B58: סטיאטי כלב גזע קטן 3 ק"ג | C58: VETERINARY HEALTH NUTRITION DOG - DRY | D58: 2425210300 | E58: 2026-06 | F58: 169 | G58: 199.42 | H58: =הגדרות!B2 | I58: =F58*(1-H58/100)*1.18 | J58: =הגדרות!C2 | K58: =הגדרות!D2 | L58: =I58*(1+J58/100)+K58
A59: Royal Canin VET | B59: סטיאטי כלב גזע קטן 8 ק"ג | C59: VETERINARY HEALTH NUTRITION DOG - DRY | D59: 2425210800 | E59: 2026-06 | F59: 359 | G59: 423.62 | H59: =הגדרות!B2 | I59: =F59*(1-H59/100)*1.18 | J59: =הגדרות!C2 | K59: =הגדרות!D2 | L59: =I59*(1+J59/100)+K59
A60: Royal Canin VET | B60: סטיאטי כלב 6 ק"ג | C60: VETERINARY HEALTH NUTRITION DOG - DRY | D60: 2394810600 | E60: 2026-06 | F60: 289 | G60: 341.02 | H60: =הגדרות!B2 | I60: =F60*(1-H60/100)*1.18 | J60: =הגדרות!C2 | K60: =הגדרות!D2 | L60: =I60*(1+J60/100)+K60
A61: Royal Canin VET | B61: סטיאטי כלב 12 ק"ג | C61: VETERINARY HEALTH NUTRITION DOG - DRY | D61: 2394811200 | E61: 2026-06 | F61: 504 | G61: 594.72 | H61: =הגדרות!B2 | I61: =F61*(1-H61/100)*1.18 | J61: =הגדרות!C2 | K61: =הגדרות!D2 | L61: =I61*(1+J61/100)+K61
A62: Royal Canin VET | B62: גליקובלאנס כלב קטן 4 ק"ג | C62: VETERINARY HEALTH NUTRITION DOG - DRY | D62: R606109 | E62: 2026-06 | F62: 215 | G62: 253.7 | H62: =הגדרות!B2 | I62: =F62*(1-H62/100)*1.18 | J62: =הגדרות!C2 | K62: =הגדרות!D2 | L62: =I62*(1+J62/100)+K62
A63: Royal Canin VET | B63: גליקובלאנס כלב 7 ק"ג | C63: VETERINARY HEALTH NUTRITION DOG - DRY | D63: R606103 | E63: 2026-06 | F63: 330 | G63: 389.4 | H63: =הגדרות!B2 | I63: =F63*(1-H63/100)*1.18 | J63: =הגדרות!C2 | K63: =הגדרות!D2 | L63: =I63*(1+J63/100)+K63
A64: Royal Canin VET | B64: גליקובלאנס כלב 12 ק"ג | C64: VETERINARY HEALTH NUTRITION DOG - DRY | D64: R606104 | E64: 2026-06 | F64: 504 | G64: 594.72 | H64: =הגדרות!B2 | I64: =F64*(1-H64/100)*1.18 | J64: =הגדרות!C2 | K64: =הגדרות!D2 | L64: =I64*(1+J64/100)+K64
A65: Royal Canin VET | B65: גסטרואינטסטינל פאפי כלב 2.5 ק"ג | C65: VETERINARY HEALTH NUTRITION DOG - DRY | D65: 2395710250 | E65: 2026-06 | F65: 155 | G65: 182.9 | H65: =הגדרות!B2 | I65: =F65*(1-H65/100)*1.18 | J65: =הגדרות!C2 | K65: =הגדרות!D2 | L65: =I65*(1+J65/100)+K65
A66: Royal Canin VET | B66: גסטרואינטסטינל פאפי כלב 10 ק"ג | C66: VETERINARY HEALTH NUTRITION DOG - DRY | D66: 2395711000 | E66: 2026-06 | F66: 504 | G66: 594.72 | H66: =הגדרות!B2 | I66: =F66*(1-H66/100)*1.18 | J66: =הגדרות!C2 | K66: =הגדרות!D2 | L66: =I66*(1+J66/100)+K66
A67: Royal Canin VET | B67: גסטרואינטסטינל כלב 2 ק"ג | C67: VETERINARY HEALTH NUTRITION DOG - DRY | D67: 2391110200 | E67: 2026-06 | F67: 115 | G67: 135.7 | H67: =הגדרות!B2 | I67: =F67*(1-H67/100)*1.18 | J67: =הגדרות!C2 | K67: =הגדרות!D2 | L67: =I67*(1+J67/100)+K67
A68: Royal Canin VET | B68: גסטרואינטסטינל כלב 7.5 ק"ג | C68: VETERINARY HEALTH NUTRITION DOG - DRY | D68: 2391110750 | E68: 2026-06 | F68: 315 | G68: 371.7 | H68: =הגדרות!B2 | I68: =F68*(1-H68/100)*1.18 | J68: =הגדרות!C2 | K68: =הגדרות!D2 | L68: =I68*(1+J68/100)+K68
A69: Royal Canin VET | B69: גסטרואינטסטינל כלב 15 ק"ג | C69: VETERINARY HEALTH NUTRITION DOG - DRY | D69: 2391111500 | E69: 2026-06 | F69: 519 | G69: 612.42 | H69: =הגדרות!B2 | I69: =F69*(1-H69/100)*1.18 | J69: =הגדרות!C2 | K69: =הגדרות!D2 | L69: =I69*(1+J69/100)+K69
A70: Royal Canin VET | B70: גסטרואינטסטינל מופחת קלוריות כלב 2 ק"ג | C70: VETERINARY HEALTH NUTRITION DOG - DRY | D70: 2395810200 | E70: 2026-06 | F70: 115 | G70: 135.7 | H70: =הגדרות!B2 | I70: =F70*(1-H70/100)*1.18 | J70: =הגדרות!C2 | K70: =הגדרות!D2 | L70: =I70*(1+J70/100)+K70
A71: Royal Canin VET | B71: גסטרואינטסטינל דל שומן כלב 6 ק"ג | C71: VETERINARY HEALTH NUTRITION DOG - DRY | D71: 2393210600 | E71: 2026-06 | F71: 289 | G71: 341.02 | H71: =הגדרות!B2 | I71: =F71*(1-H71/100)*1.18 | J71: =הגדרות!C2 | K71: =הגדרות!D2 | L71: =I71*(1+J71/100)+K71
A72: Royal Canin VET | B72: גסטרואינטסטינל דל שומן כלב 12 ק"ג | C72: VETERINARY HEALTH NUTRITION DOG - DRY | D72: 2393211200 | E72: 2026-06 | F72: 504 | G72: 594.72 | H72: =הגדרות!B2 | I72: =F72*(1-H72/100)*1.18 | J72: =הגדרות!C2 | K72: =הגדרות!D2 | L72: =I72*(1+J72/100)+K72
A73: Royal Canin VET | B73: גסטרואינטסטינל דל שומן כלב גזע קטן 3.5 ק"ג | C73: VETERINARY HEALTH NUTRITION DOG - DRY | D73: 2146310350 | E73: 2026-06 | F73: 174 | G73: 205.32 | H73: =הגדרות!B2 | I73: =F73*(1-H73/100)*1.18 | J73: =הגדרות!C2 | K73: =הגדרות!D2 | L73: =I73*(1+J73/100)+K73
A74: Royal Canin VET | B74: גסטרואינטסטינל היי פייבר כלב 2 ק"ג | C74: VETERINARY HEALTH NUTRITION DOG - DRY | D74: 2395910200 | E74: 2026-06 | F74: 115 | G74: 135.7 | H74: =הגדרות!B2 | I74: =F74*(1-H74/100)*1.18 | J74: =הגדרות!C2 | K74: =הגדרות!D2 | L74: =I74*(1+J74/100)+K74
A75: Royal Canin VET | B75: גסטרואינטסטינל היי פייבר כלב 7.5 ק"ג | C75: VETERINARY HEALTH NUTRITION DOG - DRY | D75: 2395910750 | E75: 2026-06 | F75: 319 | G75: 376.42 | H75: =הגדרות!B2 | I75: =F75*(1-H75/100)*1.18 | J75: =הגדרות!C2 | K75: =הגדרות!D2 | L75: =I75*(1+J75/100)+K75
A76: Royal Canin VET | B76: הפאטיק כלב 7 ק"ג | C76: VETERINARY HEALTH NUTRITION DOG - DRY | D76: 2392710700 | E76: 2026-06 | F76: 315 | G76: 371.7 | H76: =הגדרות!B2 | I76: =F76*(1-H76/100)*1.18 | J76: =הגדרות!C2 | K76: =הגדרות!D2 | L76: =I76*(1+J76/100)+K76
A77: Royal Canin VET | B77: הפאטיק כלב 12 ק"ג | C77: VETERINARY HEALTH NUTRITION DOG - DRY | D77: 2392711200 | E77: 2026-06 | F77: 504 | G77: 594.72 | H77: =הגדרות!B2 | I77: =F77*(1-H77/100)*1.18 | J77: =הגדרות!C2 | K77: =הגדרות!D2 | L77: =I77*(1+J77/100)+K77
A78: Royal Canin VET | B78: יורינרי U/C כלב 7.5 ק"ג | C78: VETERINARY HEALTH NUTRITION DOG - DRY | D78: 2394210750 | E78: 2026-06 | F78: 315 | G78: 371.7 | H78: =הגדרות!B2 | I78: =F78*(1-H78/100)*1.18 | J78: =הגדרות!C2 | K78: =הגדרות!D2 | L78: =I78*(1+J78/100)+K78
A79: Royal Canin VET | B79: יורינרי S/O כלב 2 ק"ג | C79: VETERINARY HEALTH NUTRITION DOG - DRY | D79: 2391310200 | E79: 2026-06 | F79: 115 | G79: 135.7 | H79: =הגדרות!B2 | I79: =F79*(1-H79/100)*1.18 | J79: =הגדרות!C2 | K79: =הגדרות!D2 | L79: =I79*(1+J79/100)+K79
A80: Royal Canin VET | B80: יורינרי S/O כלב 7.5 ק"ג | C80: VETERINARY HEALTH NUTRITION DOG - DRY | D80: 2391310750 | E80: 2026-06 | F80: 315 | G80: 371.7 | H80: =הגדרות!B2 | I80: =F80*(1-H80/100)*1.18 | J80: =הגדרות!C2 | K80: =הגדרות!D2 | L80: =I80*(1+J80/100)+K80
A81: Royal Canin VET | B81: יורינרי S/O כלב- גזע קטן 4 ק"ג | C81: VETERINARY HEALTH NUTRITION DOG - DRY | D81: 2380110400 | E81: 2026-06 | F81: 215 | G81: 253.7 | H81: =הגדרות!B2 | I81: =F81*(1-H81/100)*1.18 | J81: =הגדרות!C2 | K81: =הגדרות!D2 | L81: =I81*(1+J81/100)+K81
A82: Royal Canin VET | B82: אנאלרג'ניק כלב גזע קטן 1.5 קג | C82: VETERINARY HEALTH NUTRITION DOG - DRY | D82: 2331710150 | E82: 2026-06 | F82: 115 | G82: 135.7 | H82: =הגדרות!B2 | I82: =F82*(1-H82/100)*1.18 | J82: =הגדרות!C2 | K82: =הגדרות!D2 | L82: =I82*(1+J82/100)+K82
A83: Royal Canin VET | B83: אנאלרג'ניק כלב 3 ק"ג | C83: VETERINARY HEALTH NUTRITION DOG - DRY | D83: 2401410300 | E83: 2026-06 | F83: 215 | G83: 253.7 | H83: =הגדרות!B2 | I83: =F83*(1-H83/100)*1.18 | J83: =הגדרות!C2 | K83: =הגדרות!D2 | L83: =I83*(1+J83/100)+K83
A84: Royal Canin VET | B84: אנאלרג'ניק כלב 8 ק"ג | C84: VETERINARY HEALTH NUTRITION DOG - DRY | D84: 2401410800 | E84: 2026-06 | F84: 499 | G84: 588.82 | H84: =הגדרות!B2 | I84: =F84*(1-H84/100)*1.18 | J84: =הגדרות!C2 | K84: =הגדרות!D2 | L84: =I84*(1+J84/100)+K84
A85: Royal Canin VET | B85: היפואלרגני פאפי 3.5 ק"ג | C85: VETERINARY HEALTH NUTRITION DOG - DRY | D85: R448070 | E85: 2026-06 | F85: 205 | G85: 241.9 | H85: =הגדרות!B2 | I85: =F85*(1-H85/100)*1.18 | J85: =הגדרות!C2 | K85: =הגדרות!D2 | L85: =I85*(1+J85/100)+K85
A86: Royal Canin VET | B86: היפואלרגני כלב 2 ק"ג | C86: VETERINARY HEALTH NUTRITION DOG - DRY | D86: 2391010200 | E86: 2026-06 | F86: 129 | G86: 152.22 | H86: =הגדרות!B2 | I86: =F86*(1-H86/100)*1.18 | J86: =הגדרות!C2 | K86: =הגדרות!D2 | L86: =I86*(1+J86/100)+K86
A87: Royal Canin VET | B87: היפואלרגני כלב 7 ק"ג | C87: VETERINARY HEALTH NUTRITION DOG - DRY | D87: 2391010700 | E87: 2026-06 | F87: 324 | G87: 382.32 | H87: =הגדרות!B2 | I87: =F87*(1-H87/100)*1.18 | J87: =הגדרות!C2 | K87: =הגדרות!D2 | L87: =I87*(1+J87/100)+K87
A88: Royal Canin VET | B88: היפואלרגני כלב 14 ק"ג | C88: VETERINARY HEALTH NUTRITION DOG - DRY | D88: 2391011400 | E88: 2026-06 | F88: 559 | G88: 659.62 | H88: =הגדרות!B2 | I88: =F88*(1-H88/100)*1.18 | J88: =הגדרות!C2 | K88: =הגדרות!D2 | L88: =I88*(1+J88/100)+K88
A89: Royal Canin VET | B89: היפואלרגני כלב גזע קטן 1 ק"ג | C89: VETERINARY HEALTH NUTRITION DOG - DRY | D89: 2395210100 | E89: 2026-06 | F89: 74 | G89: 87.32 | H89: =הגדרות!B2 | I89: =F89*(1-H89/100)*1.18 | J89: =הגדרות!C2 | K89: =הגדרות!D2 | L89: =I89*(1+J89/100)+K89
A90: Royal Canin VET | B90: היפואלרגני כלב גזע קטן 3.5 ק"ג | C90: VETERINARY HEALTH NUTRITION DOG - DRY | D90: 2395210350 | E90: 2026-06 | F90: 205 | G90: 241.9 | H90: =הגדרות!B2 | I90: =F90*(1-H90/100)*1.18 | J90: =הגדרות!C2 | K90: =הגדרות!D2 | L90: =I90*(1+J90/100)+K90
A91: Royal Canin VET | B91: היפואלרגני מופחת קלוריות כלב 7 ק"ג | C91: VETERINARY HEALTH NUTRITION DOG - DRY | D91: 2396410700 | E91: 2026-06 | F91: 359 | G91: 423.62 | H91: =הגדרות!B2 | I91: =F91*(1-H91/100)*1.18 | J91: =הגדרות!C2 | K91: =הגדרות!D2 | L91: =I91*(1+J91/100)+K91
A92: Royal Canin VET | B92: סקין קר כלב גזע קטן 4 ק"ג | C92: VETERINARY HEALTH NUTRITION DOG - DRY | D92: 2400610400 | E92: 2026-06 | F92: 215 | G92: 253.7 | H92: =הגדרות!B2 | I92: =F92*(1-H92/100)*1.18 | J92: =הגדרות!C2 | K92: =הגדרות!D2 | L92: =I92*(1+J92/100)+K92
A93: Royal Canin VET | B93: סנסטיביטי קונטרול כלב 1.5 ק"ג | C93: VETERINARY HEALTH NUTRITION DOG - DRY | D93: 2392210150 | E93: 2026-06 | F93: 115 | G93: 135.7 | H93: =הגדרות!B2 | I93: =F93*(1-H93/100)*1.18 | J93: =הגדרות!C2 | K93: =הגדרות!D2 | L93: =I93*(1+J93/100)+K93
A94: Royal Canin VET | B94: סנסטיביטי קונטרול כלב 7 ק"ג | C94: VETERINARY HEALTH NUTRITION DOG - DRY | D94: 2392210700 | E94: 2026-06 | F94: 315 | G94: 371.7 | H94: =הגדרות!B2 | I94: =F94*(1-H94/100)*1.18 | J94: =הגדרות!C2 | K94: =הגדרות!D2 | L94: =I94*(1+J94/100)+K94
A95: Royal Canin VET | B95: סנסטיביטי קונטרול כלב 14 ק"ג | C95: VETERINARY HEALTH NUTRITION DOG - DRY | D95: 2392211400 | E95: 2026-06 | F95: 499 | G95: 588.82 | H95: =הגדרות!B2 | I95: =F95*(1-H95/100)*1.18 | J95: =הגדרות!C2 | K95: =הגדרות!D2 | L95: =I95*(1+J95/100)+K95
A96: Royal Canin VET | B96: מוביליטי כלב 7 ק"ג | C96: VETERINARY HEALTH NUTRITION DOG - DRY | D96: 2182910700 | E96: 2026-06 | F96: 315 | G96: 371.7 | H96: =הגדרות!B2 | I96: =F96*(1-H96/100)*1.18 | J96: =הגדרות!C2 | K96: =הגדרות!D2 | L96: =I96*(1+J96/100)+K96
A97: Royal Canin VET | B97: מוביליטי כלב 12 ק"ג | C97: VETERINARY HEALTH NUTRITION DOG - DRY | D97: 2182910120 | E97: 2026-06 | F97: 449 | G97: 529.82 | H97: =הגדרות!B2 | I97: =F97*(1-H97/100)*1.18 | J97: =הגדרות!C2 | K97: =הגדרות!D2 | L97: =I97*(1+J97/100)+K97
A98: Royal Canin VET | B98: קרדיאק כלב 2 ק"ג | C98: VETERINARY HEALTH NUTRITION DOG - DRY | D98: 2393010200 | E98: 2026-06 | F98: 115 | G98: 135.7 | H98: =הגדרות!B2 | I98: =F98*(1-H98/100)*1.18 | J98: =הגדרות!C2 | K98: =הגדרות!D2 | L98: =I98*(1+J98/100)+K98
A99: Royal Canin VET | B99: קרדיאק כלב 7.5 ק"ג | C99: VETERINARY HEALTH NUTRITION DOG - DRY | D99: 2393010750 | E99: 2026-06 | F99: 315 | G99: 371.7 | H99: =הגדרות!B2 | I99: =F99*(1-H99/100)*1.18 | J99: =הגדרות!C2 | K99: =הגדרות!D2 | L99: =I99*(1+J99/100)+K99
A100: Royal Canin VET | B100: גסטרואינטסטינל דל שומן 410x12 גרם שימורים | C100: VETERINARY HEALTH NUTRITION DOG - DRY | D100: 2402920042 | E100: 2026-06 | F100: 224 | G100: 264.32 | H100: =הגדרות!B2 | I100: =F100*(1-H100/100)*1.18 | J100: =הגדרות!C2 | K100: =הגדרות!D2 | L100: =I100*(1+J100/100)+K100
...
