Workbook

Sheet הגדרות
A1: ספק | B1: ההנחה שלי % | C1: מרווח % | D1: מרווח ₪ קבוע
A2: בית ארז (מילטין) | B2: 0 | C2: 0 | D2: 0
A3: MSD (ברווקטו) | B3: 0 | C3: 0 | D3: 0
A4: בית ארז — ציוד מתכלה | B4: 0 | C4: 0 | D4: 0
A5: זואטיס (Zoetis) | B5: 0 | C5: 0 | D5: 0
A6: וטמרקט | B6: 0 | C6: 0 | D6: 0
A7: מדי-מרקט | B7: 0 | C7: 0 | D7: 0
A8: פט-וט ביומד | B8: 0 | C8: 0 | D8: 0
A10: נוסחה: עלות = מחיר ללא מע"מ × (1 − הנחה) × 1.18 ; מחיר ללקוח = עלות × (1 + מרווח %) + מרווח ₪

Sheet מוצרים ותרופות
A1: ספק | B1: פריט | C1: קטגוריה | D1: מק"ט | E1: תאריך מחירון | F1: מחיר ללא מע"מ | G1: מחיר כולל מע"מ | H1: הנחה % | I1: עלות אחרי הנחה (כולל מע"מ) | J1: מרווח % | K1: מרווח ₪ | L1: מחיר ללקוח
A2: בית ארז (מילטין) | B2: נקסגארד קומבו לחתול עד 2.5 ק"ג (S) | C2: הדברה | E2: 2026-07 | F2: 183 | G2: 215.94 | H2: =הגדרות!B2 | I2: =F2*(1-H2/100)*1.18 | J2: =הגדרות!C2 | K2: =הגדרות!D2 | L2: =I2*(1+J2/100)+K2
A3: בית ארז (מילטין) | B3: נקסגארד קומבו לחתול 2.5-7.5 ק"ג (L) | C3: הדברה | E3: 2026-07 | F3: 195 | G3: 230.1 | H3: =הגדרות!B2 | I3: =F3*(1-H3/100)*1.18 | J3: =הגדרות!C2 | K3: =הגדרות!D2 | L3: =I3*(1+J3/100)+K3
A4: בית ארז (מילטין) | B4: נקסגארד 2-4 ק"ג (S) | C4: הדברה | E4: 2026-07 | F4: 155 | G4: 182.9 | H4: =הגדרות!B2 | I4: =F4*(1-H4/100)*1.18 | J4: =הגדרות!C2 | K4: =הגדרות!D2 | L4: =I4*(1+J4/100)+K4
A5: בית ארז (מילטין) | B5: נקסגארד 4-10 ק"ג (M) | C5: הדברה | E5: 2026-07 | F5: 178 | G5: 210.04 | H5: =הגדרות!B2 | I5: =F5*(1-H5/100)*1.18 | J5: =הגדרות!C2 | K5: =הגדרות!D2 | L5: =I5*(1+J5/100)+K5
A6: בית ארז (מילטין) | B6: נקסגארד 10-25 ק"ג (L) | C6: הדברה | E6: 2026-07 | F6: 185 | G6: 218.3 | H6: =הגדרות!B2 | I6: =F6*(1-H6/100)*1.18 | J6: =הגדרות!C2 | K6: =הגדרות!D2 | L6: =I6*(1+J6/100)+K6
A7: בית ארז (מילטין) | B7: נקסגארד 25-50 ק"ג (XL) | C7: הדברה | E7: 2026-07 | F7: 214 | G7: 252.52 | H7: =הגדרות!B2 | I7: =F7*(1-H7/100)*1.18 | J7: =הגדרות!C2 | K7: =הגדרות!D2 | L7: =I7*(1+J7/100)+K7
A8: בית ארז (מילטין) | B8: נקסגארד ספקטרה 2-3.5 ק"ג (XS) | C8: הדברה | E8: 2026-07 | F8: 174 | G8: 205.32 | H8: =הגדרות!B2 | I8: =F8*(1-H8/100)*1.18 | J8: =הגדרות!C2 | K8: =הגדרות!D2 | L8: =I8*(1+J8/100)+K8
A9: בית ארז (מילטין) | B9: נקסגארד ספקטרה 3.5-7.5 ק"ג (S) | C9: הדברה | E9: 2026-07 | F9: 186 | G9: 219.48 | H9: =הגדרות!B2 | I9: =F9*(1-H9/100)*1.18 | J9: =הגדרות!C2 | K9: =הגדרות!D2 | L9: =I9*(1+J9/100)+K9
A10: בית ארז (מילטין) | B10: נקסגארד ספקטרה 7.5-15 ק"ג (M) | C10: הדברה | E10: 2026-07 | F10: 225 | G10: 265.5 | H10: =הגדרות!B2 | I10: =F10*(1-H10/100)*1.18 | J10: =הגדרות!C2 | K10: =הגדרות!D2 | L10: =I10*(1+J10/100)+K10
A11: בית ארז (מילטין) | B11: נקסגארד ספקטרה 15-30 ק"ג (L) | C11: הדברה | E11: 2026-07 | F11: 248 | G11: 292.64 | H11: =הגדרות!B2 | I11: =F11*(1-H11/100)*1.18 | J11: =הגדרות!C2 | K11: =הגדרות!D2 | L11: =I11*(1+J11/100)+K11
A12: בית ארז (מילטין) | B12: נקסגארד ספקטרה 30-60 ק"ג (XL) | C12: הדברה | E12: 2026-07 | F12: 271 | G12: 319.78 | H12: =הגדרות!B2 | I12: =F12*(1-H12/100)*1.18 | J12: =הגדרות!C2 | K12: =הגדרות!D2 | L12: =I12*(1+J12/100)+K12
A13: בית ארז (מילטין) | B13: תרכיב Purevax RCP פיורווקס משולש 10 - יח' של מנה | C13: חיסונים | E13: 2026-07 | F13: 320 | G13: 377.6 | H13: =הגדרות!B2 | I13: =F13*(1-H13/100)*1.18 | J13: =הגדרות!C2 | K13: =הגדרות!D2 | L13: =I13*(1+J13/100)+K13
A14: בית ארז (מילטין) | B14: תרכיב Purevax RCPCH פיורוקס מרובע 10 - יח' של מנה | C14: חיסונים | E14: 2026-07 | F14: 400 | G14: 472 | H14: =הגדרות!B2 | I14: =F14*(1-H14/100)*1.18 | J14: =הגדרות!C2 | K14: =הגדרות!D2 | L14: =I14*(1+J14/100)+K14
A15: בית ארז (מילטין) | B15: תרכיב Purevax Rabies פיורוקס כלבת 10 - יח' של מנה | C15: חיסונים | E15: 2026-07 | F15: 300 | G15: 354 | H15: =הגדרות!B2 | I15: =F15*(1-H15/100)*1.18 | J15: =הגדרות!C2 | K15: =הגדרות!D2 | L15: =I15*(1+J15/100)+K15
A16: בית ארז (מילטין) | B16: תרכיב Primodog פרימודוג 10 - יח' של מנה | C16: חיסונים | E16: 2026-07 | F16: 310 | G16: 365.8 | H16: =הגדרות!B2 | I16: =F16*(1-H16/100)*1.18 | J16: =הגדרות!C2 | K16: =הגדרות!D2 | L16: =I16*(1+J16/100)+K16
A17: בית ארז (מילטין) | B17: תרכיב Recombitek C8 רקומביטק 25 - יח' של מנה | C17: חיסונים | E17: 2026-07 | F17: 600 | G17: 708 | H17: =הגדרות!B2 | I17: =F17*(1-H17/100)*1.18 | J17: =הגדרות!C2 | K17: =הגדרות!D2 | L17: =I17*(1+J17/100)+K17
A18: בית ארז (מילטין) | B18: קאניוורם פסטה תילוע 10 מ"ל Caniverm - | C18: תילוע | E18: 2026-07 | F18: 79 | G18: 93.22 | H18: =הגדרות!B2 | I18: =F18*(1-H18/100)*1.18 | J18: =הגדרות!C2 | K18: =הגדרות!D2 | L18: =I18*(1+J18/100)+K18
A19: בית ארז (מילטין) | B19: דולפאק 60) 10 טבליות) | C19: תילוע | E19: 2026-07 | F19: 240 | G19: 283.2 | H19: =הגדרות!B2 | I19: =F19*(1-H19/100)*1.18 | J19: =הגדרות!C2 | K19: =הגדרות!D2 | L19: =I19*(1+J19/100)+K19
A20: בית ארז (מילטין) | B20: דולפאק 60) 25 טבליות) | C20: תילוע | E20: 2026-07 | F20: 570 | G20: 672.6 | H20: =הגדרות!B2 | I20: =F20*(1-H20/100)*1.18 | J20: =הגדרות!C2 | K20: =הגדרות!D2 | L20: =I20*(1+J20/100)+K20
A21: בית ארז (מילטין) | B21: קלמיווט להזרקה 50 - מ"ל | C21: הרדמה | E21: 2026-07 | F21: 50 | G21: 59 | H21: =הגדרות!B2 | I21: =F21*(1-H21/100)*1.18 | J21: =הגדרות!C2 | K21: =הגדרות!D2 | L21: =I21*(1+J21/100)+K21
A22: בית ארז (מילטין) | B22: מורפסול (בוטרפנול 20 - (1% מ"ל | C22: הרדמה | E22: 2026-07 | F22: 335 | G22: 395.3 | H22: =הגדרות!B2 | I22: =F22*(1-H22/100)*1.18 | J22: =הגדרות!C2 | K22: =הגדרות!D2 | L22: =I22*(1+J22/100)+K22
A23: בית ארז (מילטין) | B23: סדקסילאן (קסילזין 25 (2% מ"ל | C23: הרדמה | E23: 2026-07 | F23: 140 | G23: 165.2 | H23: =הגדרות!B2 | I23: =F23*(1-H23/100)*1.18 | J23: =הגדרות!C2 | K23: =הגדרות!D2 | L23: =I23*(1+J23/100)+K23
A24: בית ארז (מילטין) | B24: פרופופול ליפורו 20 - 1% מ"ל 5 - אמפולות | C24: הרדמה | E24: 2026-07 | F24: 45 | G24: 53.1 | H24: =הגדרות!B2 | I24: =F24*(1-H24/100)*1.18 | J24: =הגדרות!C2 | K24: =הגדרות!D2 | L24: =I24*(1+J24/100)+K24
A25: בית ארז (מילטין) | B25: פרופופול ליפורו 50 - 2% מ"ל | C25: הרדמה | E25: 2026-07 | F25: 32 | G25: 37.76 | H25: =הגדרות!B2 | I25: =F25*(1-H25/100)*1.18 | J25: =הגדרות!C2 | K25: =הגדרות!D2 | L25: =I25*(1+J25/100)+K25
A26: בית ארז (מילטין) | B26: Lidocaine לידוקאין 10 - 1% מ"ל 20 - יח' | C26: הרדמה | E26: 2026-07 | F26: 40 | G26: 47.2 | H26: =הגדרות!B2 | I26: =F26*(1-H26/100)*1.18 | J26: =הגדרות!C2 | K26: =הגדרות!D2 | L26: =I26*(1+J26/100)+K26
A27: בית ארז (מילטין) | B27: Lidocaine לידוקאין 10 - 2% מ"ל 20 - יח' | C27: הרדמה | E27: 2026-07 | F27: 50 | G27: 59 | H27: =הגדרות!B2 | I27: =F27*(1-H27/100)*1.18 | J27: =הגדרות!C2 | K27: =הגדרות!D2 | L27: =I27*(1+J27/100)+K27
A28: בית ארז (מילטין) | B28: קלמג'ין 50% להזרקה 100 - מ"ל | C28: NSAID | E28: 2026-07 | F28: 84 | G28: 99.12 | H28: =הגדרות!B2 | I28: =F28*(1-H28/100)*1.18 | J28: =הגדרות!C2 | K28: =הגדרות!D2 | L28: =I28*(1+J28/100)+K28
A29: בית ארז (מילטין) | B29: לוקסיקום (מלוקסיקם) 0.5 מג/מל 15 - מ"ל | C29: NSAID | E29: 2026-07 | F29: 50 | G29: 59 | H29: =הגדרות!B2 | I29: =F29*(1-H29/100)*1.18 | J29: =הגדרות!C2 | K29: =הגדרות!D2 | L29: =I29*(1+J29/100)+K29
A30: בית ארז (מילטין) | B30: לוקסיקום S.A להזרקה (מלוקסיקם 5 מג/מל) 20 - מ"ל | C30: NSAID | E30: 2026-07 | F30: 145 | G30: 171.1 | H30: =הגדרות!B2 | I30: =F30*(1-H30/100)*1.18 | J30: =הגדרות!C2 | K30: =הגדרות!D2 | L30: =I30*(1+J30/100)+K30
A31: בית ארז (מילטין) | B31: פרוויקוקס 57 מ"ג 60) טבליות) | C31: NSAID | E31: 2026-07 | F31: 225 | G31: 265.5 | H31: =הגדרות!B2 | I31: =F31*(1-H31/100)*1.18 | J31: =הגדרות!C2 | K31: =הגדרות!D2 | L31: =I31*(1+J31/100)+K31
A32: בית ארז (מילטין) | B32: פרוויקוקס 227 מ"ג 60) טבליות) | C32: NSAID | E32: 2026-07 | F32: 465 | G32: 548.7 | H32: =הגדרות!B2 | I32: =F32*(1-H32/100)*1.18 | J32: =הגדרות!C2 | K32: =הגדרות!D2 | L32: =I32*(1+J32/100)+K32
A33: בית ארז (מילטין) | B33: הרפלס פלוס אבקה 30 - ג' | C33: עיניים | E33: 2026-07 | F33: 47 | G33: 55.46 | H33: =הגדרות!B2 | I33: =F33*(1-H33/100)*1.18 | J33: =הגדרות!C2 | K33: =הגדרות!D2 | L33: =I33*(1+J33/100)+K33
A34: בית ארז (מילטין) | B34: אופטיווט - נוזל ניקוי הפרווה באזור העין 50 מ"ל | C34: עיניים | E34: 2026-07 | F34: 18 | G34: 21.24 | H34: =הגדרות!B2 | I34: =F34*(1-H34/100)*1.18 | J34: =הגדרות!C2 | K34: =הגדרות!D2 | L34: =I34*(1+J34/100)+K34
A35: בית ארז (מילטין) | B35: סנוצין פורטה תמיסה לניקוי עיניים 50 מ"ל | C35: עיניים | E35: 2026-07 | F35: 44 | G35: 51.92 | H35: =הגדרות!B2 | I35: =F35*(1-H35/100)*1.18 | J35: =הגדרות!C2 | K35: =הגדרות!D2 | L35: =I35*(1+J35/100)+K35
A36: בית ארז (מילטין) | B36: פלאק איז 75 - ג' (PlaqEase) | C36: דנטלי | E36: 2026-07 | F36: 82 | G36: 96.76 | H36: =הגדרות!B2 | I36: =F36*(1-H36/100)*1.18 | J36: =הגדרות!C2 | K36: =הגדרות!D2 | L36: =I36*(1+J36/100)+K36
A37: בית ארז (מילטין) | B37: פלאק איז 150 - ג' (PlaqEase) | C37: דנטלי | E37: 2026-07 | F37: 140 | G37: 165.2 | H37: =הגדרות!B2 | I37: =F37*(1-H37/100)*1.18 | J37: =הגדרות!C2 | K37: =הגדרות!D2 | L37: =I37*(1+J37/100)+K37
A38: בית ארז (מילטין) | B38: דנטיהקס 20 - ג' | C38: דנטלי | E38: 2026-07 | F38: 48 | G38: 56.64 | H38: =הגדרות!B2 | I38: =F38*(1-H38/100)*1.18 | J38: =הגדרות!C2 | K38: =הגדרות!D2 | L38: =I38*(1+J38/100)+K38
A39: בית ארז (מילטין) | B39: אקטאה אורל 15 - מ"ל | C39: דנטלי | E39: 2026-07 | F39: 56 | G39: 66.08 | H39: =הגדרות!B2 | I39: =F39*(1-H39/100)*1.18 | J39: =הגדרות!C2 | K39: =הגדרות!D2 | L39: =I39*(1+J39/100)+K39
A40: בית ארז (מילטין) | B40: דנטלפט - ספריי דנטלי לכלב וחתול 125 מ"ל | C40: דנטלי | E40: 2026-07 | F40: 21 | G40: 24.78 | H40: =הגדרות!B2 | I40: =F40*(1-H40/100)*1.18 | J40: =הגדרות!C2 | K40: =הגדרות!D2 | L40: =I40*(1+J40/100)+K40
A41: בית ארז (מילטין) | B41: אוריזון טיפות אוזניים 10 מ"ל | C41: אוזניים | E41: 2026-07 | F41: 58 | G41: 68.44 | H41: =הגדרות!B2 | I41: =F41*(1-H41/100)*1.18 | J41: =הגדרות!C2 | K41: =הגדרות!D2 | L41: =I41*(1+J41/100)+K41
A42: בית ארז (מילטין) | B42: אורידרמיל משחה 10 ג' | C42: אוזניים | E42: 2026-07 | F42: 44 | G42: 51.92 | H42: =הגדרות!B2 | I42: =F42*(1-H42/100)*1.18 | J42: =הגדרות!C2 | K42: =הגדרות!D2 | L42: =I42*(1+J42/100)+K42
A43: בית ארז (מילטין) | B43: סונוטיקס שטיפת אוזניים 120 מ"ל Sonotix | C43: אוזניים | E43: 2026-07 | F43: 65 | G43: 76.7 | H43: =הגדרות!B2 | I43: =F43*(1-H43/100)*1.18 | J43: =הגדרות!C2 | K43: =הגדרות!D2 | L43: =I43*(1+J43/100)+K43
A44: בית ארז (מילטין) | B44: מאלאזינק שטיפת אוזניים 120 מ"ל MalaZinc | C44: אוזניים | E44: 2026-07 | F44: 50 | G44: 59 | H44: =הגדרות!B2 | I44: =F44*(1-H44/100)*1.18 | J44: =הגדרות!C2 | K44: =הגדרות!D2 | L44: =I44*(1+J44/100)+K44
A45: בית ארז (מילטין) | B45: סנוצין פורטה תמיסה לניקוי אוזניים 75 מ"ל | C45: אוזניים | E45: 2026-07 | F45: 44 | G45: 51.92 | H45: =הגדרות!B2 | I45: =F45*(1-H45/100)*1.18 | J45: =הגדרות!C2 | K45: =הגדרות!D2 | L45: =I45*(1+J45/100)+K45
A46: בית ארז (מילטין) | B46: צפהספטין 75 מ"ג 100) טבליות) | C46: אנטיביוטיקה | E46: 2026-07 | F46: 185 | G46: 218.3 | H46: =הגדרות!B2 | I46: =F46*(1-H46/100)*1.18 | J46: =הגדרות!C2 | K46: =הגדרות!D2 | L46: =I46*(1+J46/100)+K46
A47: בית ארז (מילטין) | B47: צפהספטין 300 מ"ג 100) טבליות) | C47: אנטיביוטיקה | E47: 2026-07 | F47: 250 | G47: 295 | H47: =הגדרות!B2 | I47: =F47*(1-H47/100)*1.18 | J47: =הגדרות!C2 | K47: =הגדרות!D2 | L47: =I47*(1+J47/100)+K47
A48: בית ארז (מילטין) | B48: צפהספטין 750 מ"ג 72) טבליות) | C48: אנטיביוטיקה | E48: 2026-07 | F48: 388 | G48: 457.84 | H48: =הגדרות!B2 | I48: =F48*(1-H48/100)*1.18 | J48: =הגדרות!C2 | K48: =הגדרות!D2 | L48: =I48*(1+J48/100)+K48
A49: בית ארז (מילטין) | B49: מרבוציל P טבליות 20 מ"ג 100) טבליות) | C49: אנטיביוטיקה | E49: 2026-07 | F49: 330 | G49: 389.4 | H49: =הגדרות!B2 | I49: =F49*(1-H49/100)*1.18 | J49: =הגדרות!C2 | K49: =הגדרות!D2 | L49: =I49*(1+J49/100)+K49
A50: בית ארז (מילטין) | B50: מרבוציל P טבליות 80 מ"ג 72) טבליות) | C50: אנטיביוטיקה | E50: 2026-07 | F50: 792 | G50: 934.56 | H50: =הגדרות!B2 | I50: =F50*(1-H50/100)*1.18 | J50: =הגדרות!C2 | K50: =הגדרות!D2 | L50: =I50*(1+J50/100)+K50
A51: בית ארז (מילטין) | B51: מרבוציל 2% להזרקה 100 - מ"ל | C51: אנטיביוטיקה | E51: 2026-07 | F51: 91 | G51: 107.38 | H51: =הגדרות!B2 | I51: =F51*(1-H51/100)*1.18 | J51: =הגדרות!C2 | K51: =הגדרות!D2 | L51: =I51*(1+J51/100)+K51
A52: בית ארז (מילטין) | B52: סטומורג'יל 20) 10 טבליות) | C52: אנטיביוטיקה | E52: 2026-07 | F52: 90 | G52: 106.2 | H52: =הגדרות!B2 | I52: =F52*(1-H52/100)*1.18 | J52: =הגדרות!C2 | K52: =הגדרות!D2 | L52: =I52*(1+J52/100)+K52
A53: בית ארז (מילטין) | B53: מטרוויס 250 מ"ג 100) טבליות) | C53: אנטיביוטיקה | E53: 2026-07 | F53: 115 | G53: 135.7 | H53: =הגדרות!B2 | I53: =F53*(1-H53/100)*1.18 | J53: =הגדרות!C2 | K53: =הגדרות!D2 | L53: =I53*(1+J53/100)+K53
A54: בית ארז (מילטין) | B54: מטרוויס 750 מ"ג 80) טבליות) | C54: אנטיביוטיקה | E54: 2026-07 | F54: 230 | G54: 271.4 | H54: =הגדרות!B2 | I54: =F54*(1-H54/100)*1.18 | J54: =הגדרות!C2 | K54: =הגדרות!D2 | L54: =I54*(1+J54/100)+K54
A55: בית ארז (מילטין) | B55: אנרוקט תרחיף אנרפלוקסצין בטעם 8.5 - מ"ל | C55: אנטיביוטיקה | E55: 2026-07 | F55: 55 | G55: 64.9 | H55: =הגדרות!B2 | I55: =F55*(1-H55/100)*1.18 | J55: =הגדרות!C2 | K55: =הגדרות!D2 | L55: =I55*(1+J55/100)+K55
A56: בית ארז (מילטין) | B56: מטרונידזול Metronidazole 5 מ"ג/מ"ל 100 - מ"ל 20 - יח' | C56: אנטיביוטיקה | E56: 2026-07 | F56: 120 | G56: 141.6 | H56: =הגדרות!B2 | I56: =F56*(1-H56/100)*1.18 | J56: =הגדרות!C2 | K56: =הגדרות!D2 | L56: =I56*(1+J56/100)+K56
A57: בית ארז (מילטין) | B57: פרו-קולין אדוונסד לחתולים 15 - מ"ל | C57: מערכת עיכול | E57: 2026-07 | F57: 40 | G57: 47.2 | H57: =הגדרות!B2 | I57: =F57*(1-H57/100)*1.18 | J57: =הגדרות!C2 | K57: =הגדרות!D2 | L57: =I57*(1+J57/100)+K57
A58: בית ארז (מילטין) | B58: פרו-קולין אדוונסד לכלבים 15 - מ"ל | C58: מערכת עיכול | E58: 2026-07 | F58: 40 | G58: 47.2 | H58: =הגדרות!B2 | I58: =F58*(1-H58/100)*1.18 | J58: =הגדרות!C2 | K58: =הגדרות!D2 | L58: =I58*(1+J58/100)+K58
A59: בית ארז (מילטין) | B59: פרו-קולין אדוונסד לכלבים 30 - מ"ל | C59: מערכת עיכול | E59: 2026-07 | F59: 55 | G59: 64.9 | H59: =הגדרות!B2 | I59: =F59*(1-H59/100)*1.18 | J59: =הגדרות!C2 | K59: =הגדרות!D2 | L59: =I59*(1+J59/100)+K59
A60: בית ארז (מילטין) | B60: פרו-קולין אנטרוגניק 4 ג' 30 - שקיות | C60: מערכת עיכול | E60: 2026-07 | F60: 155 | G60: 182.9 | H60: =הגדרות!B2 | I60: =F60*(1-H60/100)*1.18 | J60: =הגדרות!C2 | K60: =הגדרות!D2 | L60: =I60*(1+J60/100)+K60
A61: בית ארז (מילטין) | B61: פרו-פייבר אדוונסד 500 - ג' | C61: מערכת עיכול | E61: 2026-07 | F61: 85 | G61: 100.3 | H61: =הגדרות!B2 | I61: =F61*(1-H61/100)*1.18 | J61: =הגדרות!C2 | K61: =הגדרות!D2 | L61: =I61*(1+J61/100)+K61
A62: בית ארז (מילטין) | B62: בולו ויה פסטה לחתול 100 - ג' | C62: מערכת עיכול | E62: 2026-07 | F62: 45 | G62: 53.1 | H62: =הגדרות!B2 | I62: =F62*(1-H62/100)*1.18 | J62: =הגדרות!C2 | K62: =הגדרות!D2 | L62: =I62*(1+J62/100)+K62
A63: בית ארז (מילטין) | B63: סינביוטיק די.סי. 50) קפסולות) | C63: מערכת עיכול | E63: 2026-07 | F63: 82 | G63: 96.76 | H63: =הגדרות!B2 | I63: =F63*(1-H63/100)*1.18 | J63: =הגדרות!C2 | K63: =הגדרות!D2 | L63: =I63*(1+J63/100)+K63
A64: בית ארז (מילטין) | B64: פרו-קולין 15 + מ"ל | C64: מערכת עיכול | E64: 2026-07 | F64: 48 | G64: 56.64 | H64: =הגדרות!B2 | I64: =F64*(1-H64/100)*1.18 | J64: =הגדרות!C2 | K64: =הגדרות!D2 | L64: =I64*(1+J64/100)+K64
A65: בית ארז (מילטין) | B65: פרו-קולין 30 + מ"ל | C65: מערכת עיכול | E65: 2026-07 | F65: 63 | G65: 74.34 | H65: =הגדרות!B2 | I65: =F65*(1-H65/100)*1.18 | J65: =הגדרות!C2 | K65: =הגדרות!D2 | L65: =I65*(1+J65/100)+K65
A66: בית ארז (מילטין) | B66: פרו-פייבר 500 - ג' | C66: מערכת עיכול | E66: 2026-07 | F66: 99 | G66: 116.82 | H66: =הגדרות!B2 | I66: =F66*(1-H66/100)*1.18 | J66: =הגדרות!C2 | K66: =הגדרות!D2 | L66: =I66*(1+J66/100)+K66
A67: בית ארז (מילטין) | B67: טירו - טאב 0.4 מ"ג 120) טבליות) | C67: הורמונלי | E67: 2026-07 | F67: 99 | G67: 116.82 | H67: =הגדרות!B2 | I67: =F67*(1-H67/100)*1.18 | J67: =הגדרות!C2 | K67: =הגדרות!D2 | L67: =I67*(1+J67/100)+K67
A68: בית ארז (מילטין) | B68: טירו - טאב 0.6 מ"ג 120) טבליות) | C68: הורמונלי | E68: 2026-07 | F68: 119 | G68: 140.42 | H68: =הגדרות!B2 | I68: =F68*(1-H68/100)*1.18 | J68: =הגדרות!C2 | K68: =הגדרות!D2 | L68: =I68*(1+J68/100)+K68
A69: בית ארז (מילטין) | B69: טירו - טאב 0.8 מ"ג 120) טבליות) | C69: הורמונלי | E69: 2026-07 | F69: 144 | G69: 169.92 | H69: =הגדרות!B2 | I69: =F69*(1-H69/100)*1.18 | J69: =הגדרות!C2 | K69: =הגדרות!D2 | L69: =I69*(1+J69/100)+K69
A70: בית ארז (מילטין) | B70: פרטווט 50 - מ"ל (Partovet) | C70: הורמונלי | E70: 2026-07 | F70: 49 | G70: 57.82 | H70: =הגדרות!B2 | I70: =F70*(1-H70/100)*1.18 | J70: =הגדרות!C2 | K70: =הגדרות!D2 | L70: =I70*(1+J70/100)+K70
A71: בית ארז (מילטין) | B71: סנוולגו - סירופ 12 מל | C71: הורמונלי | E71: 2026-07 | F71: 525 | G71: 619.5 | H71: =הגדרות!B2 | I71: =F71*(1-H71/100)*1.18 | J71: =הגדרות!C2 | K71: =הגדרות!D2 | L71: =I71*(1+J71/100)+K71
A72: בית ארז (מילטין) | B72: סרניקאר 1 ג' 30) שקיות) | C72: התנהגות | E72: 2026-07 | F72: 95 | G72: 112.1 | H72: =הגדרות!B2 | I72: =F72*(1-H72/100)*1.18 | J72: =הגדרות!C2 | K72: =הגדרות!D2 | L72: =I72*(1+J72/100)+K72
A73: בית ארז (מילטין) | B73: פורביד 50 - ג' | C73: התנהגות | E73: 2026-07 | F73: 25 | G73: 29.5 | H73: =הגדרות!B2 | I73: =F73*(1-H73/100)*1.18 | J73: =הגדרות!C2 | K73: =הגדרות!D2 | L73: =I73*(1+J73/100)+K73
A74: בית ארז (מילטין) | B74: ציסטופאן 30) קפסולות) | C74: כליות ושתן | E74: 2026-07 | F74: 49 | G74: 57.82 | H74: =הגדרות!B2 | I74: =F74*(1-H74/100)*1.18 | J74: =הגדרות!C2 | K74: =הגדרות!D2 | L74: =I74*(1+J74/100)+K74
A75: בית ארז (מילטין) | B75: ציסטופרו 30) קפסולות) | C75: כליות ושתן | E75: 2026-07 | F75: 69 | G75: 81.42 | H75: =הגדרות!B2 | I75: =F75*(1-H75/100)*1.18 | J75: =הגדרות!C2 | K75: =הגדרות!D2 | L75: =I75*(1+J75/100)+K75
A76: בית ארז (מילטין) | B76: רנל קומבי 150 - ג' | C76: כליות ושתן | E76: 2026-07 | F76: 99 | G76: 116.82 | H76: =הגדרות!B2 | I76: =F76*(1-H76/100)*1.18 | J76: =הגדרות!C2 | K76: =הגדרות!D2 | L76: =I76*(1+J76/100)+K76
A77: בית ארז (מילטין) | B77: ציסטוקיור פורטה משחה 15 - מ"ל | C77: כליות ושתן | E77: 2026-07 | F77: 49 | G77: 57.82 | H77: =הגדרות!B2 | I77: =F77*(1-H77/100)*1.18 | J77: =הגדרות!C2 | K77: =הגדרות!D2 | L77: =I77*(1+J77/100)+K77
A78: בית ארז (מילטין) | B78: פרופאלין סירופ 30 - מ"ל | C78: כליות ושתן | E78: 2026-07 | F78: 49 | G78: 57.82 | H78: =הגדרות!B2 | I78: =F78*(1-H78/100)*1.18 | J78: =הגדרות!C2 | K78: =הגדרות!D2 | L78: =I78*(1+J78/100)+K78
A79: בית ארז (מילטין) | B79: פרופאלין סירופ 100 - מ"ל | C79: כליות ושתן | E79: 2026-07 | F79: 139 | G79: 164.02 | H79: =הגדרות!B2 | I79: =F79*(1-H79/100)*1.18 | J79: =הגדרות!C2 | K79: =הגדרות!D2 | L79: =I79*(1+J79/100)+K79
A80: בית ארז (מילטין) | B80: אלוספריי 210 - מ"ל | C80: דרמטולוגי | E80: 2026-07 | F80: 39 | G80: 46.02 | H80: =הגדרות!B2 | I80: =F80*(1-H80/100)*1.18 | J80: =הגדרות!C2 | K80: =הגדרות!D2 | L80: =I80*(1+J80/100)+K80
A81: בית ארז (מילטין) | B81: סנוצין פורטה תמיסה לעור 75 מ"ל | C81: דרמטולוגי | E81: 2026-07 | F81: 44 | G81: 51.92 | H81: =הגדרות!B2 | I81: =F81*(1-H81/100)*1.18 | J81: =הגדרות!C2 | K81: =הגדרות!D2 | L81: =I81*(1+J81/100)+K81
A82: בית ארז (מילטין) | B82: סנוצין פורטה תמיסה לעור 350 מ"ל | C82: דרמטולוגי | E82: 2026-07 | F82: 99 | G82: 116.82 | H82: =הגדרות!B2 | I82: =F82*(1-H82/100)*1.18 | J82: =הגדרות!C2 | K82: =הגדרות!D2 | L82: =I82*(1+J82/100)+K82
A83: בית ארז (מילטין) | B83: סנוצין פורטה הידרוג'ל לעור 75 מ"ל | C83: דרמטולוגי | E83: 2026-07 | F83: 47 | G83: 55.46 | H83: =הגדרות!B2 | I83: =F83*(1-H83/100)*1.18 | J83: =הגדרות!C2 | K83: =הגדרות!D2 | L83: =I83*(1+J83/100)+K83
A84: בית ארז (מילטין) | B84: סנוצין פורטה הידרוג'ל לעור 350 מ"ל | C84: דרמטולוגי | E84: 2026-07 | F84: 99 | G84: 116.82 | H84: =הגדרות!B2 | I84: =F84*(1-H84/100)*1.18 | J84: =הגדרות!C2 | K84: =הגדרות!D2 | L84: =I84*(1+J84/100)+K84
A85: בית ארז (מילטין) | B85: מאנוקה וט - ג'ל לעור ופצעים 20 - ג' | C85: דרמטולוגי | E85: 2026-07 | F85: 50 | G85: 59 | H85: =הגדרות!B2 | I85: =F85*(1-H85/100)*1.18 | J85: =הגדרות!C2 | K85: =הגדרות!D2 | L85: =I85*(1+J85/100)+K85
A86: בית ארז (מילטין) | B86: מאנוקה וט - ג'ל לעור ופצעים 100 - ג' | C86: דרמטולוגי | E86: 2026-07 | F86: 135 | G86: 159.3 | H86: =הגדרות!B2 | I86: =F86*(1-H86/100)*1.18 | J86: =הגדרות!C2 | K86: =הגדרות!D2 | L86: =I86*(1+J86/100)+K86
A87: בית ארז (מילטין) | B87: מאנוקה וט - משחת עור להוט ספוט ופצעים 56.7 - ג' | C87: דרמטולוגי | E87: 2026-07 | F87: 125 | G87: 147.5 | H87: =הגדרות!B2 | I87: =F87*(1-H87/100)*1.18 | J87: =הגדרות!C2 | K87: =הגדרות!D2 | L87: =I87*(1+J87/100)+K87
A88: בית ארז (מילטין) | B88: סווידרמה Keto-C שמפו 237 - מ"ל | C88: דרמטולוגי | E88: 2026-07 | F88: 49 | G88: 57.82 | H88: =הגדרות!B2 | I88: =F88*(1-H88/100)*1.18 | J88: =הגדרות!C2 | K88: =הגדרות!D2 | L88: =I88*(1+J88/100)+K88
A89: בית ארז (מילטין) | B89: סווידרמה Keto-C ספריי 237 - מ"ל | C89: דרמטולוגי | E89: 2026-07 | F89: 49 | G89: 57.82 | H89: =הגדרות!B2 | I89: =F89*(1-H89/100)*1.18 | J89: =הגדרות!C2 | K89: =הגדרות!D2 | L89: =I89*(1+J89/100)+K89
A90: בית ארז (מילטין) | B90: סווידרמה Keto-C Tris שטיפת אוזניים 355 - מ"ל | C90: דרמטולוגי | E90: 2026-07 | F90: 55 | G90: 64.9 | H90: =הגדרות!B2 | I90: =F90*(1-H90/100)*1.18 | J90: =הגדרות!C2 | K90: =הגדרות!D2 | L90: =I90*(1+J90/100)+K90
A91: בית ארז (מילטין) | B91: סווידרמה שטיפת אוזניים אדוונס 237 – מ"ל | C91: דרמטולוגי | E91: 2026-07 | F91: 45 | G91: 53.1 | H91: =הגדרות!B2 | I91: =F91*(1-H91/100)*1.18 | J91: =הגדרות!C2 | K91: =הגדרות!D2 | L91: =I91*(1+J91/100)+K91
A92: בית ארז (מילטין) | B92: סווידרמה שמפו אלוורה ושיבולת שועל 355 – מ"ל | C92: דרמטולוגי | E92: 2026-07 | F92: 43 | G92: 50.74 | H92: =הגדרות!B2 | I92: =F92*(1-H92/100)*1.18 | J92: =הגדרות!C2 | K92: =הגדרות!D2 | L92: =I92*(1+J92/100)+K92
A93: בית ארז (מילטין) | B93: סווידרמה שמפו לפרווה לבנה 355 – מ"ל | C93: דרמטולוגי | E93: 2026-07 | F93: 43 | G93: 50.74 | H93: =הגדרות!B2 | I93: =F93*(1-H93/100)*1.18 | J93: =הגדרות!C2 | K93: =הגדרות!D2 | L93: =I93*(1+J93/100)+K93
A94: בית ארז (מילטין) | B94: סווידרמה שמפו גורים אל דמע 473 - מ"ל | C94: דרמטולוגי | E94: 2026-07 | F94: 59 | G94: 69.62 | H94: =הגדרות!B2 | I94: =F94*(1-H94/100)*1.18 | J94: =הגדרות!C2 | K94: =הגדרות!D2 | L94: =I94*(1+J94/100)+K94
A95: בית ארז (מילטין) | B95: סווידרמה מגבונים אלוורה ושיבולת שועל 60) מגבונים) | C95: דרמטולוגי | E95: 2026-07 | F95: 65 | G95: 76.7 | H95: =הגדרות!B2 | I95: =F95*(1-H95/100)*1.18 | J95: =הגדרות!C2 | K95: =הגדרות!D2 | L95: =I95*(1+J95/100)+K95
A96: בית ארז (מילטין) | B96: סווידרמה מגבונים לפנים ולהסרת כתמי דמעות 60) מגבונים) | C96: דרמטולוגי | E96: 2026-07 | F96: 65 | G96: 76.7 | H96: =הגדרות!B2 | I96: =F96*(1-H96/100)*1.18 | J96: =הגדרות!C2 | K96: =הגדרות!D2 | L96: =I96*(1+J96/100)+K96
A97: בית ארז (מילטין) | B97: סווידרמה קרם לחות – אף עד זנב – 7.65ג' | C97: דרמטולוגי | E97: 2026-07 | F97: 59 | G97: 69.62 | H97: =הגדרות!B2 | I97: =F97*(1-H97/100)*1.18 | J97: =הגדרות!C2 | K97: =הגדרות!D2 | L97: =I97*(1+J97/100)+K97
A98: בית ארז (מילטין) | B98: ויגרופט פסטה לחתול 50 - ג' | C98: ויטמינים | E98: 2026-07 | F98: 39 | G98: 46.02 | H98: =הגדרות!B2 | I98: =F98*(1-H98/100)*1.18 | J98: =הגדרות!C2 | K98: =הגדרות!D2 | L98: =I98*(1+J98/100)+K98
A99: בית ארז (מילטין) | B99: קובאלאפלקס 60) קפסולות) | C99: ויטמינים | E99: 2026-07 | F99: 84 | G99: 99.12 | H99: =הגדרות!B2 | I99: =F99*(1-H99/100)*1.18 | J99: =הגדרות!C2 | K99: =הגדרות!D2 | L99: =I99*(1+J99/100)+K99
A100: בית ארז (מילטין) | B100: אמינופלסמל 500 - 10% מ"ל Aminoplasmal | C100: ויטמינים | E100: 2026-07 | F100: 49 | G100: 57.82 | H100: =הגדרות!B2 | I100: =F100*(1-H100/100)*1.18 | J100: =הגדרות!C2 | K100: =הגדרות!D2 | L100: =I100*(1+J100/100)+K100
...
