Workbook

Sheet הגדרות
A1: ספק | B1: ההנחה שלי % | C1: מרווח % | D1: מרווח ₪ קבוע
A2: בית ארז (מילטין) | B2: 0 | C2: 0 | D2: 0
A3: קונג (Kong) | B3: 0 | C3: 0 | D3: 0
A4: פרפלסט (Ferplast) | B4: 0 | C4: 0 | D4: 0
A5: וטמרקט | B5: 0 | C5: 0 | D5: 0
A6: מדי-מרקט | B6: 0 | C6: 0 | D6: 0
A7: פט-וט ביומד | B7: 0 | C7: 0 | D7: 0
A8: פורינה (חנויות) | B8: 0 | C8: 0 | D8: 0
A10: נוסחה: עלות = מחיר ללא מע"מ × (1 − הנחה) × 1.18 ; מחיר ללקוח = עלות × (1 + מרווח %) + מרווח ₪

Sheet מוצרי חנויות
A1: ספק | B1: פריט | C1: קטגוריה | D1: מק"ט | E1: תאריך מחירון | F1: מחיר ללא מע"מ | G1: מחיר כולל מע"מ | H1: הנחה % | I1: עלות אחרי הנחה (כולל מע"מ) | J1: מרווח % | K1: מרווח ₪ | L1: מחיר ללקוח
A2: בית ארז (מילטין) | B2: טריקי טריטס עוף 2X15 - חטיפים לכלב וחתול Tricky Treats | C2: חטיפים | E2: 2026-07 | F2: 44 | G2: 51.92 | H2: =הגדרות!B2 | I2: =F2*(1-H2/100)*1.18 | J2: =הגדרות!C2 | K2: =הגדרות!D2 | L2: =I2*(1+J2/100)+K2
A3: בית ארז (מילטין) | B3: טריקי טריטס עוף 2X200 - חטיפים לכלב וחתול Tricky Treats | C3: חטיפים | E3: 2026-07 | F3: 300 | G3: 354 | H3: =הגדרות!B2 | I3: =F3*(1-H3/100)*1.18 | J3: =הגדרות!C2 | K3: =הגדרות!D2 | L3: =I3*(1+J3/100)+K3
A4: בית ארז (מילטין) | B4: טריקי טריטס ברווז 2X15 - חטיפים לכלב וחתול Tricky Treats | C4: חטיפים | E4: 2026-07 | F4: 44 | G4: 51.92 | H4: =הגדרות!B2 | I4: =F4*(1-H4/100)*1.18 | J4: =הגדרות!C2 | K4: =הגדרות!D2 | L4: =I4*(1+J4/100)+K4
A5: בית ארז (מילטין) | B5: טריקי טריטס ברווז 2X200 - חטיפים לכלב וחתול Tricky Treats | C5: חטיפים | E5: 2026-07 | F5: 300 | G5: 354 | H5: =הגדרות!B2 | I5: =F5*(1-H5/100)*1.18 | J5: =הגדרות!C2 | K5: =הגדרות!D2 | L5: =I5*(1+J5/100)+K5
A6: בית ארז (מילטין) | B6: מקלון למד סוכר 50 יח' Accu-Chek Instant Roche | C6: חטיפים | E6: 2026-07 | F6: 75 | G6: 88.5 | H6: =הגדרות!B2 | I6: =F6*(1-H6/100)*1.18 | J6: =הגדרות!C2 | K6: =הגדרות!D2 | L6: =I6*(1+J6/100)+K6
A7: קונג (Kong) | B7: קונג סקראטלס פנדה 2 במארז (CA122) | C7: צעצועים | D7: 376000590 | E7: 2026-08 | F7: 31 | G7: 36.58 | H7: =הגדרות!B3 | I7: =F7*(1-H7/100)*1.18 | J7: =הגדרות!C3 | K7: =הגדרות!D3 | L7: =I7*(1+J7/100)+K7
A8: קונג (Kong) | B8: קונג סקראטלס עוף 2 במארז (CA123) | C8: צעצועים | D8: 376000591 | E8: 2026-08 | F8: 31 | G8: 36.58 | H8: =הגדרות!B3 | I8: =F8*(1-H8/100)*1.18 | J8: =הגדרות!C3 | K8: =הגדרות!D3 | L8: =I8*(1+J8/100)+K8
A9: קונג (Kong) | B9: קונג גחלילית זוהרת (CT65) | C9: צעצועים | D9: 376000592 | E9: 2026-08 | F9: 53 | G9: 62.54 | H9: =הגדרות!B3 | I9: =F9*(1-H9/100)*1.18 | J9: =הגדרות!C3 | K9: =הגדרות!D3 | L9: =I9*(1+J9/100)+K9
A10: קונג (Kong) | B10: קונג כדורגל ספורטיבי גמיש מדיום (FLBS2) | C10: צעצועים | D10: 376000593 | E10: 2026-08 | F10: 56 | G10: 66.08 | H10: =הגדרות!B3 | I10: =F10*(1-H10/100)*1.18 | J10: =הגדרות!C3 | K10: =הגדרות!D3 | L10: =I10*(1+J10/100)+K10
A11: קונג (Kong) | B11: קונג כדורגל ספורטיבי גמיש לארג (FLBSX) | C11: צעצועים | D11: 376000594 | E11: 2026-08 | F11: 93 | G11: 109.74 | H11: =הגדרות!B3 | I11: =F11*(1-H11/100)*1.18 | J11: =הגדרות!C3 | K11: =הגדרות!D3 | L11: =I11*(1+J11/100)+K11
A12: קונג (Kong) | B12: קונג בובת קשרים תרנגולת (NKC1) | C12: צעצועים | D12: 376000595 | E12: 2026-08 | F12: 56 | G12: 66.08 | H12: =הגדרות!B3 | I12: =F12*(1-H12/100)*1.18 | J12: =הגדרות!C3 | K12: =הגדרות!D3 | L12: =I12*(1+J12/100)+K12
A13: קונג (Kong) | B13: קונג בובת קשרים תרנגולת קטנה (NKC3) | C13: צעצועים | D13: 376000596 | E13: 2026-08 | F13: 38 | G13: 44.84 | H13: =הגדרות!B3 | I13: =F13*(1-H13/100)*1.18 | J13: =הגדרות!C3 | K13: =הגדרות!D3 | L13: =I13*(1+J13/100)+K13
A14: קונג (Kong) | B14: קונג בובת קשרים תרנגולת אקסטרה (NKCX) | C14: צעצועים | D14: 376000597 | E14: 2026-08 | F14: 83 | G14: 97.94 | H14: =הגדרות!B3 | I14: =F14*(1-H14/100)*1.18 | J14: =הגדרות!C3 | K14: =הגדרות!D3 | L14: =I14*(1+J14/100)+K14
A15: קונג (Kong) | B15: קונג לקקן לכלבים אקסטרה (PLPX) | C15: צעצועים | D15: 376000598 | E15: 2026-08 | F15: 49 | G15: 57.82 | H15: =הגדרות!B3 | I15: =F15*(1-H15/100)*1.18 | J15: =הגדרות!C3 | K15: =הגדרות!D3 | L15: =I15*(1+J15/100)+K15
A16: קונג (Kong) | B16: קונג משחק עכבר לחתול (CA118) | C16: צעצועים | D16: 376000599 | E16: 2026-08 | F16: 21 | G16: 24.78 | H16: =הגדרות!B3 | I16: =F16*(1-H16/100)*1.18 | J16: =הגדרות!C3 | K16: =הגדרות!D3 | L16: =I16*(1+J16/100)+K16
A17: קונג (Kong) | B17: קונג ביצת קאטניפ 2 במארז (CA121) | C17: צעצועים | D17: 376000600 | E17: 2026-08 | F17: 30 | G17: 35.4 | H17: =הגדרות!B3 | I17: =F17*(1-H17/100)*1.18 | J17: =הגדרות!C3 | K17: =הגדרות!D3 | L17: =I17*(1+J17/100)+K17
A18: קונג (Kong) | B18: קונג משחק דרקון לחתול (CA92) | C18: צעצועים | D18: 376000601 | E18: 2026-08 | F18: 26 | G18: 30.68 | H18: =הגדרות!B3 | I18: =F18*(1-H18/100)*1.18 | J18: =הגדרות!C3 | K18: =הגדרות!D3 | L18: =I18*(1+J18/100)+K18
A19: קונג (Kong) | B19: קונג בובת נוייזי הבונה (NQ3) | C19: צעצועים | D19: 376000603 | E19: 2026-08 | F19: 21 | G19: 24.78 | H19: =הגדרות!B3 | I19: =F19*(1-H19/100)*1.18 | J19: =הגדרות!C3 | K19: =הגדרות!D3 | L19: =I19*(1+J19/100)+K19
A20: קונג (Kong) | B20: קונג בובת נוייזי הברווז (NY5) | C20: צעצועים | D20: 376000604 | E20: 2026-08 | F20: 15 | G20: 17.7 | H20: =הגדרות!B3 | I20: =F20*(1-H20/100)*1.18 | J20: =הגדרות!C3 | K20: =הגדרות!D3 | L20: =I20*(1+J20/100)+K20
A21: קונג (Kong) | B21: קונג בובת צפרדע מיני (SNZM51) | C21: צעצועים | D21: 376000605 | E21: 2026-08 | F21: 26 | G21: 30.68 | H21: =הגדרות!B3 | I21: =F21*(1-H21/100)*1.18 | J21: =הגדרות!C3 | K21: =הגדרות!D3 | L21: =I21*(1+J21/100)+K21
A22: קונג (Kong) | B22: קונג בובת מיני חזיר (SNZM52) | C22: צעצועים | D22: 376000606 | E22: 2026-08 | F22: 26 | G22: 30.68 | H22: =הגדרות!B3 | I22: =F22*(1-H22/100)*1.18 | J22: =הגדרות!C3 | K22: =הגדרות!D3 | L22: =I22*(1+J22/100)+K22
A23: קונג (Kong) | B23: קונג מקל משחק בטיחותי בינוני (PF2) | C23: צעצועים | D23: 376000017 | E23: 2026-08 | F23: 57 | G23: 67.26 | H23: =הגדרות!B3 | I23: =F23*(1-H23/100)*1.18 | J23: =הגדרות!C3 | K23: =הגדרות!D3 | L23: =I23*(1+J23/100)+K23
A24: קונג (Kong) | B24: קונג מקל משחק בטיחותי קטן (PF3) | C24: צעצועים | D24: 376000018 | E24: 2026-08 | F24: 38 | G24: 44.84 | H24: =הגדרות!B3 | I24: =F24*(1-H24/100)*1.18 | J24: =הגדרות!C3 | K24: =הגדרות!D3 | L24: =I24*(1+J24/100)+K24
A25: קונג (Kong) | B25: קונג כדור KB1) M) | C25: צעצועים | D25: 376000026 | E25: 2026-08 | F25: 55 | G25: 64.9 | H25: =הגדרות!B3 | I25: =F25*(1-H25/100)*1.18 | J25: =הגדרות!C3 | K25: =הגדרות!D3 | L25: =I25*(1+J25/100)+K25
A26: קונג (Kong) | B26: קונג S לגורים KP3 | C26: צעצועים | D26: 376000029 | E26: 2026-08 | F26: 33 | G26: 38.94 | H26: =הגדרות!B3 | I26: =F26*(1-H26/100)*1.18 | J26: =הגדרות!C3 | K26: =הגדרות!D3 | L26: =I26*(1+J26/100)+K26
A27: קונג (Kong) | B27: קונג כדור ספורט גדול ABS1 | C27: צעצועים | D27: 376000041 | E27: 2026-08 | F27: 33 | G27: 38.94 | H27: =הגדרות!B3 | I27: =F27*(1-H27/100)*1.18 | J27: =הגדרות!C3 | K27: =הגדרות!D3 | L27: =I27*(1+J27/100)+K27
A28: קונג (Kong) | B28: קונג סקוויקר 3 כדורים AST3) S) | C28: צעצועים | D28: 376000054 | E28: 2026-08 | F28: 19 | G28: 22.42 | H28: =הגדרות!B3 | I28: =F28*(1-H28/100)*1.18 | J28: =הגדרות!C3 | K28: =הגדרות!D3 | L28: =I28*(1+J28/100)+K28
A29: קונג (Kong) | B29: קונג צעצוע צפרדע NK11) M/L) | C29: צעצועים | D29: 376000077 | E29: 2026-08 | F29: 63 | G29: 74.34 | H29: =הגדרות!B3 | I29: =F29*(1-H29/100)*1.18 | J29: =הגדרות!C3 | K29: =הגדרות!D3 | L29: =I29*(1+J29/100)+K29
A30: קונג (Kong) | B30: קונג צעצוע אייל (M/L NK14) | C30: צעצועים | D30: 376000083 | E30: 2026-08 | F30: 63 | G30: 74.34 | H30: =הגדרות!B3 | I30: =F30*(1-H30/100)*1.18 | J30: =הגדרות!C3 | K30: =הגדרות!D3 | L30: =I30*(1+J30/100)+K30
A31: קונג (Kong) | B31: קונג צווארון אליזבת רך EL2) M) | C31: צעצועים | D31: 376000097 | E31: 2026-08 | F31: 100 | G31: 118 | H31: =הגדרות!B3 | I31: =F31*(1-H31/100)*1.18 | J31: =הגדרות!C3 | K31: =הגדרות!D3 | L31: =I31*(1+J31/100)+K31
A32: קונג (Kong) | B32: קונג צווארון אליזבת רך EL1) L) | C32: צעצועים | D32: 376000098 | E32: 2026-08 | F32: 124 | G32: 146.32 | H32: =הגדרות!B3 | I32: =F32*(1-H32/100)*1.18 | J32: =הגדרות!C3 | K32: =הגדרות!D3 | L32: =I32*(1+J32/100)+K32
A33: קונג (Kong) | B33: קונג צלחת מעופפת KF15) S) | C33: צעצועים | D33: 376000100 | E33: 2026-08 | F33: 54 | G33: 63.72 | H33: =הגדרות!B3 | I33: =F33*(1-H33/100)*1.18 | J33: =הגדרות!C3 | K33: =הגדרות!D3 | L33: =I33*(1+J33/100)+K33
A34: קונג (Kong) | B34: קונג צעצוע ראקון לעיס עם קשר NKS12, L/M לכלב | C34: צעצועים | D34: 376000135 | E34: 2026-08 | F34: 53 | G34: 62.54 | H34: =הגדרות!B3 | I34: =F34*(1-H34/100)*1.18 | J34: =הגדרות!C3 | K34: =הגדרות!D3 | L34: =I34*(1+J34/100)+K34
A35: קונג (Kong) | B35: קונג גירו SMALL, משחק לחטיפים, PGY3, לכלב | C35: צעצועים | D35: 376000141 | E35: 2026-08 | F35: 57 | G35: 67.26 | H35: =הגדרות!B3 | I35: =F35*(1-H35/100)*1.18 | J35: =הגדרות!C3 | K35: =הגדרות!D3 | L35: =I35*(1+J35/100)+K35
A36: קונג (Kong) | B36: קונג צלחת מעופפת אקסטרים UF3) L) | C36: צעצועים | D36: 376000219 | E36: 2026-08 | F36: 72 | G36: 84.96 | H36: =הגדרות!B3 | I36: =F36*(1-H36/100)*1.18 | J36: =הגדרות!C3 | K36: =הגדרות!D3 | L36: =I36*(1+J36/100)+K36
A37: קונג (Kong) | B37: קונג צלחת מעופפת לגורים KP15) S) | C37: צעצועים | D37: 376000220 | E37: 2026-08 | F37: 61 | G37: 71.98 | H37: =הגדרות!B3 | I37: =F37*(1-H37/100)*1.18 | J37: =הגדרות!C3 | K37: =הגדרות!D3 | L37: =I37*(1+J37/100)+K37
A38: קונג (Kong) | B38: קונג מנשא לבקבוק LF13) L) | C38: אביזרים | D38: 376000225 | E38: 2026-08 | F38: 64 | G38: 75.52 | H38: =הגדרות!B3 | I38: =F38*(1-H38/100)*1.18 | J38: =הגדרות!C3 | K38: =הגדרות!D3 | L38: =I38*(1+J38/100)+K38
A39: קונג (Kong) | B39: קונג קור כדור PFC13 L | C39: צעצועים | D39: 376000283 | E39: 2026-08 | F39: 40 | G39: 47.2 | H39: =הגדרות!B3 | I39: =F39*(1-H39/100)*1.18 | J39: =הגדרות!C3 | K39: =הגדרות!D3 | L39: =I39*(1+J39/100)+K39
A40: קונג (Kong) | B40: קונג ווילד דוב פנים עם חבל NKR5) XS) | C40: צעצועים | D40: 376000314 | E40: 2026-08 | F40: 28 | G40: 33.04 | H40: =הגדרות!B3 | I40: =F40*(1-H40/100)*1.18 | J40: =הגדרות!C3 | K40: =הגדרות!D3 | L40: =I40*(1+J40/100)+K40
A41: קונג (Kong) | B41: קונג מגרש משחקים לחתול בונגלו (CA78) | C41: צעצועים | D41: 376000459 | E41: 2026-08 | F41: 91 | G41: 107.38 | H41: =הגדרות!B3 | I41: =F41*(1-H41/100)*1.18 | J41: =הגדרות!C3 | K41: =הגדרות!D3 | L41: =I41*(1+J41/100)+K41
A42: קונג (Kong) | B42: קונג סקוויז מקל דנטלי PST23) M) | C42: צעצועים | D42: 376000555 | E42: 2026-08 | F42: 52 | G42: 61.36 | H42: =הגדרות!B3 | I42: =F42*(1-H42/100)*1.18 | J42: =הגדרות!C3 | K42: =הגדרות!D3 | L42: =I42*(1+J42/100)+K42
A43: קונג (Kong) | B43: קונג משחק לחיץ אקשן אדום PSA23) M) | C43: צעצועים | D43: 376000558 | E43: 2026-08 | F43: 53 | G43: 62.54 | H43: =הגדרות!B3 | I43: =F43*(1-H43/100)*1.18 | J43: =הגדרות!C3 | K43: =הגדרות!D3 | L43: =I43*(1+J43/100)+K43
A44: קונג (Kong) | B44: קונג ווילד משחק ארנב WILS21) M) | C44: צעצועים | D44: 376000585 | E44: 2026-08 | F44: 56 | G44: 66.08 | H44: =הגדרות!B3 | I44: =F44*(1-H44/100)*1.18 | J44: =הגדרות!C3 | K44: =הגדרות!D3 | L44: =I44*(1+J44/100)+K44
A45: קונג (Kong) | B45: קונג ווילד משחק פסיון WILS24) M) | C45: צעצועים | D45: 376000588 | E45: 2026-08 | F45: 56 | G45: 66.08 | H45: =הגדרות!B3 | I45: =F45*(1-H45/100)*1.18 | J45: =הגדרות!C3 | K45: =הגדרות!D3 | L45: =I45*(1+J45/100)+K45
A46: קונג (Kong) | B46: קונג L לגורים KP1 | C46: צעצועים | D46: 376000031 | E46: 2026-08 | F46: 57 | G46: 67.26 | H46: =הגדרות!B3 | I46: =F46*(1-H46/100)*1.18 | J46: =הגדרות!C3 | K46: =הגדרות!D3 | L46: =I46*(1+J46/100)+K46
A47: קונג (Kong) | B47: קונג L סניור KN1 | C47: צעצועים | D47: 376000028 | E47: 2026-08 | F47: 57 | G47: 67.26 | H47: =הגדרות!B3 | I47: =F47*(1-H47/100)*1.18 | J47: =הגדרות!C3 | K47: =הגדרות!D3 | L47: =I47*(1+J47/100)+K47
A48: קונג (Kong) | B48: קונג M אקסטרים K2 | C48: צעצועים | D48: 376000015 | E48: 2026-08 | F48: 57 | G48: 67.26 | H48: =הגדרות!B3 | I48: =F48*(1-H48/100)*1.18 | J48: =הגדרות!C3 | K48: =הגדרות!D3 | L48: =I48*(1+J48/100)+K48
A49: קונג (Kong) | B49: קונג M לגורים KP2 | C49: צעצועים | D49: 376000030 | E49: 2026-08 | F49: 46 | G49: 54.28 | H49: =הגדרות!B3 | I49: =F49*(1-H49/100)*1.18 | J49: =הגדרות!C3 | K49: =הגדרות!D3 | L49: =I49*(1+J49/100)+K49
A50: קונג (Kong) | B50: קונג M לגורים מוצץ KP27 | C50: צעצועים | D50: 376000034 | E50: 2026-08 | F50: 38 | G50: 44.84 | H50: =הגדרות!B3 | I50: =F50*(1-H50/100)*1.18 | J50: =הגדרות!C3 | K50: =הגדרות!D3 | L50: =I50*(1+J50/100)+K50
A51: קונג (Kong) | B51: קונג M סניור KN2 | C51: צעצועים | D51: 376000027 | E51: 2026-08 | F51: 46 | G51: 54.28 | H51: =הגדרות!B3 | I51: =F51*(1-H51/100)*1.18 | J51: =הגדרות!C3 | K51: =הגדרות!D3 | L51: =I51*(1+J51/100)+K51
A52: קונג (Kong) | B52: קונג S לגורים מוצץ KP37 | C52: צעצועים | D52: 376000033 | E52: 2026-08 | F52: 37 | G52: 43.66 | H52: =הגדרות!B3 | I52: =F52*(1-H52/100)*1.18 | J52: =הגדרות!C3 | K52: =הגדרות!D3 | L52: =I52*(1+J52/100)+K52
A53: קונג (Kong) | B53: קונג XS לגורים KP4 | C53: צעצועים | D53: 376000032 | E53: 2026-08 | F53: 26 | G53: 30.68 | H53: =הגדרות!B3 | I53: =F53*(1-H53/100)*1.18 | J53: =הגדרות!C3 | K53: =הגדרות!D3 | L53: =I53*(1+J53/100)+K53
A54: קונג (Kong) | B54: קונג אבוקאטו משחק חתול וראנגלר (CA462) | C54: צעצועים | D54: 376000389 | E54: 2026-08 | F54: 31 | G54: 36.58 | H54: =הגדרות!B3 | I54: =F54*(1-H54/100)*1.18 | J54: =הגדרות!C3 | K54: =הגדרות!D3 | L54: =I54*(1+J54/100)+K54
A55: קונג (Kong) | B55: קונג אוגי מקל משחק פלסטי סללום SG1)LG) | C55: צעצועים | D55: 376000307 | E55: 2026-08 | F55: 83 | G55: 97.94 | H55: =הגדרות!B3 | I55: =F55*(1-H55/100)*1.18 | J55: =הגדרות!C3 | K55: =הגדרות!D3 | L55: =I55*(1+J55/100)+K55
A56: קונג (Kong) | B56: קונג אוגי מקל משחק פלסטי סללום SG2)MD) | C56: צעצועים | D56: 376000306 | E56: 2026-08 | F56: 55 | G56: 64.9 | H56: =הגדרות!B3 | I56: =F56*(1-H56/100)*1.18 | J56: =הגדרות!C3 | K56: =הגדרות!D3 | L56: =I56*(1+J56/100)+K56
A57: קונג (Kong) | B57: קונג אינפיוזר מכשיר מפיץ ריח קטניפ לחתול (CCN5) | C57: הרגעה | D57: 376000412 | E57: 2026-08 | F57: 43 | G57: 50.74 | H57: =הגדרות!B3 | I57: =F57*(1-H57/100)*1.18 | J57: =הגדרות!C3 | K57: =הגדרות!D3 | L57: =I57*(1+J57/100)+K57
A58: קונג (Kong) | B58: קונג אקטיב חכה נחש בואה CT47 | C58: צעצועים | D58: 376000295 | E58: 2026-08 | F58: 36 | G58: 42.48 | H58: =הגדרות!B3 | I58: =F58*(1-H58/100)*1.18 | J58: =הגדרות!C3 | K58: =הגדרות!D3 | L58: =I58*(1+J58/100)+K58
A59: קונג (Kong) | B59: קונג אקטיב משחק עם מילוי לקטניפ 2 יח' (CA64) | C59: צעצועים | D59: 376000413 | E59: 2026-08 | F59: 26 | G59: 30.68 | H59: =הגדרות!B3 | I59: =F59*(1-H59/100)*1.18 | J59: =הגדרות!C3 | K59: =הגדרות!D3 | L59: =I59*(1+J59/100)+K59
A60: קונג (Kong) | B60: קונג אקסטרים K3) S) | C60: צעצועים | D60: 376000014 | E60: 2026-08 | F60: 37 | G60: 43.66 | H60: =הגדרות!B3 | I60: =F60*(1-H60/100)*1.18 | J60: =הגדרות!C3 | K60: =הגדרות!D3 | L60: =I60*(1+J60/100)+K60
A61: קונג (Kong) | B61: קונג אקסטרים UKK) XXL) | C61: צעצועים | D61: 376000021 | E61: 2026-08 | F61: 107 | G61: 126.26 | H61: =הגדרות!B3 | I61: =F61*(1-H61/100)*1.18 | J61: =הגדרות!C3 | K61: =הגדרות!D3 | L61: =I61*(1+J61/100)+K61
A62: קונג (Kong) | B62: קונג אקסטרים גודי עצם L )10015) | C62: צעצועים | D62: 376000538 | E62: 2026-08 | F62: 83 | G62: 97.94 | H62: =הגדרות!B3 | I62: =F62*(1-H62/100)*1.18 | J62: =הגדרות!C3 | K62: =הגדרות!D3 | L62: =I62*(1+J62/100)+K62
A63: קונג (Kong) | B63: קונג אקסטרים חדש גודי ריבון EGS1) L) | C63: צעצועים | D63: 376000335 | E63: 2026-08 | F63: 94 | G63: 110.92 | H63: =הגדרות!B3 | I63: =F63*(1-H63/100)*1.18 | J63: =הגדרות!C3 | K63: =הגדרות!D3 | L63: =I63*(1+J63/100)+K63
A64: קונג (Kong) | B64: קונג אקסטרים חדש גודי ריבון EGS2) M) | C64: צעצועים | D64: 376000336 | E64: 2026-08 | F64: 83 | G64: 97.94 | H64: =הגדרות!B3 | I64: =F64*(1-H64/100)*1.18 | J64: =הגדרות!C3 | K64: =הגדרות!D3 | L64: =I64*(1+J64/100)+K64
A65: קונג (Kong) | B65: קונג אקסטרים חדש דנטל EK1) L) | C65: צעצועים | D65: 376000339 | E65: 2026-08 | F65: 88 | G65: 103.84 | H65: =הגדרות!B3 | I65: =F65*(1-H65/100)*1.18 | J65: =הגדרות!C3 | K65: =הגדרות!D3 | L65: =I65*(1+J65/100)+K65
A66: קונג (Kong) | B66: קונג אקסטרים חדש דנטל עם חבל EK2) M) | C66: צעצועים | D66: 376000338 | E66: 2026-08 | F66: 91 | G66: 107.38 | H66: =הגדרות!B3 | I66: =F66*(1-H66/100)*1.18 | J66: =הגדרות!C3 | K66: =הגדרות!D3 | L66: =I66*(1+J66/100)+K66
A67: קונג (Kong) | B67: קונג אקסטרים חדש טבעת EMX) XL) | C67: צעצועים | D67: 376000337 | E67: 2026-08 | F67: 83 | G67: 97.94 | H67: =הגדרות!B3 | I67: =F67*(1-H67/100)*1.18 | J67: =הגדרות!C3 | K67: =הגדרות!D3 | L67: =I67*(1+J67/100)+K67
A68: קונג (Kong) | B68: קונג אקסטרים חדש כדור עם חבל EB12) L) | C68: צעצועים | D68: 376000334 | E68: 2026-08 | F68: 70 | G68: 82.6 | H68: =הגדרות!B3 | I68: =F68*(1-H68/100)*1.18 | J68: =הגדרות!C3 | K68: =הגדרות!D3 | L68: =I68*(1+J68/100)+K68
A69: קונג (Kong) | B69: קונג בובת וובה וחברים WFX) XL) | C69: צעצועים | D69: 376000241 | E69: 2026-08 | F69: 76 | G69: 89.68 | H69: =הגדרות!B3 | I69: =F69*(1-H69/100)*1.18 | J69: =הגדרות!C3 | K69: =הגדרות!D3 | L69: =I69*(1+J69/100)+K69
A70: קונג (Kong) | B70: קונג בובת וובה לגורים (WP3) | C70: צעצועים | D70: 376000047 | E70: 2026-08 | F70: 33 | G70: 38.94 | H70: =הגדרות!B3 | I70: =F70*(1-H70/100)*1.18 | J70: =הגדרות!C3 | K70: =הגדרות!D3 | L70: =I70*(1+J70/100)+K70
A71: קונג (Kong) | B71: קונג בובת וובה מגה (WBM) | C71: צעצועים | D71: 376000238 | E71: 2026-08 | F71: 162 | G71: 191.16 | H71: =הגדרות!B3 | I71: =F71*(1-H71/100)*1.18 | J71: =הגדרות!C3 | K71: =הגדרות!D3 | L71: =I71*(1+J71/100)+K71
A72: קונג (Kong) | B72: קונג בובת שייקר דרקון גדול SKR11 | C72: צעצועים | D72: 376000166 | E72: 2026-08 | F72: 80 | G72: 94.4 | H72: =הגדרות!B3 | I72: =F72*(1-H72/100)*1.18 | J72: =הגדרות!C3 | K72: =הגדרות!D3 | L72: =I72*(1+J72/100)+K72
A73: קונג (Kong) | B73: קונג ביזלס משחק מקל BZS2) M) | C73: צעצועים | D73: 376000406 | E73: 2026-08 | F73: 52 | G73: 61.36 | H73: =הגדרות!B3 | I73: =F73*(1-H73/100)*1.18 | J73: =הגדרות!C3 | K73: =הגדרות!D3 | L73: =I73*(1+J73/100)+K73
A74: קונג (Kong) | B74: קונג ביזלס משחק עצם BZN2) M) | C74: צעצועים | D74: 376000407 | E74: 2026-08 | F74: 52 | G74: 61.36 | H74: =הגדרות!B3 | I74: =F74*(1-H74/100)*1.18 | J74: =הגדרות!C3 | K74: =הגדרות!D3 | L74: =I74*(1+J74/100)+K74
A75: קונג (Kong) | B75: קונג ג'אמפן ג'אק משחק חטיפים כלב KJ1) L) | C75: צעצועים | D75: 376000510 | E75: 2026-08 | F75: 80 | G75: 94.4 | H75: =הגדרות!B3 | I75: =F75*(1-H75/100)*1.18 | J75: =הגדרות!C3 | K75: =הגדרות!D3 | L75: =I75*(1+J75/100)+K75
A76: קונג (Kong) | B76: קונג ג'אמפן ג'אק משחק חטיפים כלב KJ2) M) | C76: צעצועים | D76: 376000511 | E76: 2026-08 | F76: 65 | G76: 76.7 | H76: =הגדרות!B3 | I76: =F76*(1-H76/100)*1.18 | J76: =הגדרות!C3 | K76: =הגדרות!D3 | L76: =I76*(1+J76/100)+K76
A77: קונג (Kong) | B77: קונג גאקס משחק כדור וחבל 4 קשרים PJB22) M) | C77: צעצועים | D77: 376000464 | E77: 2026-08 | F77: 47 | G77: 55.46 | H77: =הגדרות!B3 | I77: =F77*(1-H77/100)*1.18 | J77: =הגדרות!C3 | K77: =הגדרות!D3 | L77: =I77*(1+J77/100)+K77
A78: קונג (Kong) | B78: קונג גאקס משחק משיכה עם כדור PJB23) M) | C78: צעצועים | D78: 376000463 | E78: 2026-08 | F78: 47 | G78: 55.46 | H78: =הגדרות!B3 | I78: =F78*(1-H78/100)*1.18 | J78: =הגדרות!C3 | K78: =הגדרות!D3 | L78: =I78*(1+J78/100)+K78
A79: קונג (Kong) | B79: קונג גודי עצם לכלב KB31) S) | C79: צעצועים | D79: 376000537 | E79: 2026-08 | F79: 42 | G79: 49.56 | H79: =הגדרות!B3 | I79: =F79*(1-H79/100)*1.18 | J79: =הגדרות!C3 | K79: =הגדרות!D3 | L79: =I79*(1+J79/100)+K79
A80: קונג (Kong) | B80: קונג גודי ריבון TGS1) LG) | C80: צעצועים | D80: 376000332 | E80: 2026-08 | F80: 88 | G80: 103.84 | H80: =הגדרות!B3 | I80: =F80*(1-H80/100)*1.18 | J80: =הגדרות!C3 | K80: =הגדרות!D3 | L80: =I80*(1+J80/100)+K80
A81: קונג (Kong) | B81: קונג גמבלר משחק צבעוני TRI וכדור TMT1) XL/L) *** | C81: צעצועים | D81: 376000457 | E81: 2026-08 | F81: 86 | G81: 101.48 | H81: =הגדרות!B3 | I81: =F81*(1-H81/100)*1.18 | J81: =הגדרות!C3 | K81: =הגדרות!D3 | L81: =I81*(1+J81/100)+K81
A82: קונג (Kong) | B82: קונג גמבלר משחק צבעוני בייסבול וכדור TMF1) XL/L) | C82: צעצועים | D82: 376000455 | E82: 2026-08 | F82: 89 | G82: 105.02 | H82: =הגדרות!B3 | I82: =F82*(1-H82/100)*1.18 | J82: =הגדרות!C3 | K82: =הגדרות!D3 | L82: =I82*(1+J82/100)+K82
A83: קונג (Kong) | B83: קונג גמבלר משחק צבעוני בייסבול וכדור TMF2) M/L) | C83: צעצועים | D83: 376000454 | E83: 2026-08 | F83: 67 | G83: 79.06 | H83: =הגדרות!B3 | I83: =F83*(1-H83/100)*1.18 | J83: =הגדרות!C3 | K83: =הגדרות!D3 | L83: =I83*(1+J83/100)+K83
A84: קונג (Kong) | B84: קונג גמבלר משחק צבעוני דיסקוס וכדור TMD1) LXL) | C84: צעצועים | D84: 376000453 | E84: 2026-08 | F84: 89 | G84: 105.02 | H84: =הגדרות!B3 | I84: =F84*(1-H84/100)*1.18 | J84: =הגדרות!C3 | K84: =הגדרות!D3 | L84: =I84*(1+J84/100)+K84
A85: קונג (Kong) | B85: קונג גמבלר משחק צבעוני כדור עם כדור TMB1) XL/L) | C85: צעצועים | D85: 376000451 | E85: 2026-08 | F85: 89 | G85: 105.02 | H85: =הגדרות!B3 | I85: =F85*(1-H85/100)*1.18 | J85: =הגדרות!C3 | K85: =הגדרות!D3 | L85: =I85*(1+J85/100)+K85
A86: קונג (Kong) | B86: קונג גמבלר משחק צבעוני כדור עם כדור TMB2) M/L) | C86: צעצועים | D86: 376000450 | E86: 2026-08 | F86: 67 | G86: 79.06 | H86: =הגדרות!B3 | I86: =F86*(1-H86/100)*1.18 | J86: =הגדרות!C3 | K86: =הגדרות!D3 | L86: =I86*(1+J86/100)+K86
A87: קונג (Kong) | B87: קונג וובה WBX) XL) | C87: צעצועים | D87: 376000052 | E87: 2026-08 | F87: 63 | G87: 74.34 | H87: =הגדרות!B3 | I87: =F87*(1-H87/100)*1.18 | J87: =הגדרות!C3 | K87: =הגדרות!D3 | L87: =I87*(1+J87/100)+K87
A88: קונג (Kong) | B88: קונג וובה WB1) L) | C88: צעצועים | D88: 376000051 | E88: 2026-08 | F88: 50 | G88: 59 | H88: =הגדרות!B3 | I88: =F88*(1-H88/100)*1.18 | J88: =הגדרות!C3 | K88: =הגדרות!D3 | L88: =I88*(1+J88/100)+K88
A89: קונג (Kong) | B89: קונג וובה WB3) S) | C89: צעצועים | D89: 376000050 | E89: 2026-08 | F89: 33 | G89: 38.94 | H89: =הגדרות!B3 | I89: =F89*(1-H89/100)*1.18 | J89: =הגדרות!C3 | K89: =הגדרות!D3 | L89: =I89*(1+J89/100)+K89
A90: קונג (Kong) | B90: קונג וובה בליסטי חברים מגוון WBF1) L) | C90: צעצועים | D90: 376000566 | E90: 2026-08 | F90: 57 | G90: 67.26 | H90: =הגדרות!B3 | I90: =F90*(1-H90/100)*1.18 | J90: =הגדרות!C3 | K90: =הגדרות!D3 | L90: =I90*(1+J90/100)+K90
A91: קונג (Kong) | B91: קונג וובה בליסטי חברים מגוון WBF3) S) | C91: צעצועים | D91: 376000565 | E91: 2026-08 | F91: 53 | G91: 62.54 | H91: =הגדרות!B3 | I91: =F91*(1-H91/100)*1.18 | J91: =הגדרות!C3 | K91: =הגדרות!D3 | L91: =I91*(1+J91/100)+K91
A92: קונג (Kong) | B92: קונג וובה בליסטי חברים מגוון WBFX) XL) | C92: צעצועים | D92: 376000567 | E92: 2026-08 | F92: 77 | G92: 90.86 | H92: =הגדרות!B3 | I92: =F92*(1-H92/100)*1.18 | J92: =הגדרות!C3 | K92: =הגדרות!D3 | L92: =I92*(1+J92/100)+K92
A93: קונג (Kong) | B93: קונג וובה וחברים WF1) L) | C93: צעצועים | D93: 376000240 | E93: 2026-08 | F93: 59 | G93: 69.62 | H93: =הגדרות!B3 | I93: =F93*(1-H93/100)*1.18 | J93: =הגדרות!C3 | K93: =הגדרות!D3 | L93: =I93*(1+J93/100)+K93
A94: קונג (Kong) | B94: קונג וובה מובחר WBTCX) XL) | C94: צעצועים | D94: 376000215 | E94: 2026-08 | F94: 72 | G94: 84.96 | H94: =הגדרות!B3 | I94: =F94*(1-H94/100)*1.18 | J94: =הגדרות!C3 | K94: =הגדרות!D3 | L94: =I94*(1+J94/100)+K94
A95: קונג (Kong) | B95: קונג וובה משחק חתול קטיקורן (WC65) | C95: צעצועים | D95: 376000479 | E95: 2026-08 | F95: 37 | G95: 43.66 | H95: =הגדרות!B3 | I95: =F95*(1-H95/100)*1.18 | J95: =הגדרות!C3 | K95: =הגדרות!D3 | L95: =I95*(1+J95/100)+K95
A96: קונג (Kong) | B96: קונג ווילד דוב פנים עם חבל NKR1) M/L) | C96: צעצועים | D96: 376000316 | E96: 2026-08 | F96: 65 | G96: 76.7 | H96: =הגדרות!B3 | I96: =F96*(1-H96/100)*1.18 | J96: =הגדרות!C3 | K96: =הגדרות!D3 | L96: =I96*(1+J96/100)+K96
A97: קונג (Kong) | B97: קונג ווילד דוב פנים עם חבל NKRX) XL) | C97: צעצועים | D97: 376000317 | E97: 2026-08 | F97: 78 | G97: 92.04 | H97: =הגדרות!B3 | I97: =F97*(1-H97/100)*1.18 | J97: =הגדרות!C3 | K97: =הגדרות!D3 | L97: =I97*(1+J97/100)+K97
A98: קונג (Kong) | B98: קונג וויפלס משחק לכלב פרצופים צבעוני WHSX) XL) | C98: צעצועים | D98: 376000572 | E98: 2026-08 | F98: 73 | G98: 86.14 | H98: =הגדרות!B3 | I98: =F98*(1-H98/100)*1.18 | J98: =הגדרות!C3 | K98: =הגדרות!D3 | L98: =I98*(1+J98/100)+K98
A99: קונג (Kong) | B99: קונג חכה גחלילית זוהרת לחתול (CAT62) | C99: צעצועים | D99: 376000573 | E99: 2026-08 | F99: 36 | G99: 42.48 | H99: =הגדרות!B3 | I99: =F99*(1-H99/100)*1.18 | J99: =הגדרות!C3 | K99: =הגדרות!D3 | L99: =I99*(1+J99/100)+K99
A100: קונג (Kong) | B100: קונג חתול אקטיב משחק מסלול צורת CA42) 8) | C100: צעצועים | D100: 376000517 | E100: 2026-08 | F100: 92 | G100: 108.56 | H100: =הגדרות!B3 | I100: =F100*(1-H100/100)*1.18 | J100: =הגדרות!C3 | K100: =הגדרות!D3 | L100: =I100*(1+J100/100)+K100
...
